reception_time,controller,order,n,lsg,answer,correct,time,grammatical
1645601148,AcceptabilityJudgment,44,0,19,,,,0
1645601148,AcceptabilityJudgment,44,0,19,1,NULL,3889,0
1645601148,AcceptabilityJudgment,43,0,18,,,,1
1645601148,AcceptabilityJudgment,43,0,18,7,NULL,5373,1
1645601148,AcceptabilityJudgment,48,0,21,,,,0
1645601148,AcceptabilityJudgment,48,0,21,1,NULL,4684,0
1645601148,AcceptabilityJudgment,36,0,15,,,,1
1645601148,AcceptabilityJudgment,36,0,15,7,NULL,7438,1
1645601148,AcceptabilityJudgment,55,0,24,,,,0
1645601148,AcceptabilityJudgment,55,0,24,1,NULL,4607,0
1645601148,AcceptabilityJudgment,32,0,13,,,,1
1645601148,AcceptabilityJudgment,32,0,13,6,NULL,3956,1
1645601148,AcceptabilityJudgment,47,0,20,,,,0
1645601148,AcceptabilityJudgment,47,0,20,1,NULL,2506,0
1645601148,AcceptabilityJudgment,39,0,16,,,,1
1645601148,AcceptabilityJudgment,39,0,16,7,NULL,8828,1
1645601148,AcceptabilityJudgment,52,0,23,,,,0
1645601148,AcceptabilityJudgment,52,0,23,1,NULL,5692,0
1645601148,AcceptabilityJudgment,35,0,14,,,,1
1645601148,AcceptabilityJudgment,35,0,14,7,NULL,5532,1
1645601148,AcceptabilityJudgment,51,0,22,,,,0
1645601148,AcceptabilityJudgment,51,0,22,1,NULL,3612,0
1645601148,AcceptabilityJudgment,40,0,17,,,,1
1645601148,AcceptabilityJudgment,40,0,17,7,NULL,7727,1
1645601919,AcceptabilityJudgment,53,0,23,,,,0
1645601919,AcceptabilityJudgment,53,0,23,1,NULL,9359,0
1645601919,AcceptabilityJudgment,37,0,15,,,,1
1645601919,AcceptabilityJudgment,37,0,15,2,NULL,7569,1
1645601919,AcceptabilityJudgment,54,0,24,,,,0
1645601919,AcceptabilityJudgment,54,0,24,1,NULL,11238,0
1645601919,AcceptabilityJudgment,34,0,14,,,,1
1645601919,AcceptabilityJudgment,34,0,14,5,NULL,9904,1
1645601919,AcceptabilityJudgment,50,0,22,,,,0
1645601919,AcceptabilityJudgment,50,0,22,1,NULL,6329,0
1645601919,AcceptabilityJudgment,42,0,18,,,,1
1645601919,AcceptabilityJudgment,42,0,18,7,NULL,16362,1
1645601919,AcceptabilityJudgment,46,0,20,,,,0
1645601919,AcceptabilityJudgment,46,0,20,1,NULL,6581,0
1645601919,AcceptabilityJudgment,41,0,17,,,,1
1645601919,AcceptabilityJudgment,41,0,17,7,NULL,4647,1
1645601919,AcceptabilityJudgment,49,0,21,,,,0
1645601919,AcceptabilityJudgment,49,0,21,1,NULL,5120,0
1645601919,AcceptabilityJudgment,33,0,13,,,,1
1645601919,AcceptabilityJudgment,33,0,13,7,NULL,6442,1
1645601919,AcceptabilityJudgment,45,0,19,,,,0
1645601919,AcceptabilityJudgment,45,0,19,1,NULL,7775,0
1645601919,AcceptabilityJudgment,38,0,16,,,,1
1645601919,AcceptabilityJudgment,38,0,16,7,NULL,3928,1
1645602072,AcceptabilityJudgment,43,0,18,,,,1
1645602072,AcceptabilityJudgment,43,0,18,5,NULL,11693,1
1645602072,AcceptabilityJudgment,47,0,20,,,,0
1645602072,AcceptabilityJudgment,47,0,20,1,NULL,11422,0
1645602072,AcceptabilityJudgment,36,0,15,,,,1
1645602072,AcceptabilityJudgment,36,0,15,7,NULL,10274,1
1645602072,AcceptabilityJudgment,52,0,23,,,,0
1645602072,AcceptabilityJudgment,52,0,23,1,NULL,32273,0
1645602072,AcceptabilityJudgment,35,0,14,,,,1
1645602072,AcceptabilityJudgment,35,0,14,2,NULL,16675,1
1645602072,AcceptabilityJudgment,48,0,21,,,,0
1645602072,AcceptabilityJudgment,48,0,21,1,NULL,30111,0
1645602072,AcceptabilityJudgment,40,0,17,,,,1
1645602072,AcceptabilityJudgment,40,0,17,7,NULL,24035,1
1645602072,AcceptabilityJudgment,51,0,22,,,,0
1645602072,AcceptabilityJudgment,51,0,22,2,NULL,12585,0
1645602072,AcceptabilityJudgment,32,0,13,,,,1
1645602072,AcceptabilityJudgment,32,0,13,7,NULL,3520,1
1645602072,AcceptabilityJudgment,44,0,19,,,,0
1645602072,AcceptabilityJudgment,44,0,19,1,NULL,3549,0
1645602072,AcceptabilityJudgment,39,0,16,,,,1
1645602072,AcceptabilityJudgment,39,0,16,5,NULL,17186,1
1645602072,AcceptabilityJudgment,55,0,24,,,,0
1645602072,AcceptabilityJudgment,55,0,24,1,NULL,9341,0
1645602393,AcceptabilityJudgment,41,0,17,,,,1
1645602393,AcceptabilityJudgment,41,0,17,6,NULL,16462,1
1645602393,AcceptabilityJudgment,46,0,20,,,,0
1645602393,AcceptabilityJudgment,46,0,20,1,NULL,3937,0
1645602393,AcceptabilityJudgment,34,0,14,,,,1
1645602393,AcceptabilityJudgment,34,0,14,7,NULL,6463,1
1645602393,AcceptabilityJudgment,50,0,22,,,,0
1645602393,AcceptabilityJudgment,50,0,22,1,NULL,10457,0
1645602393,AcceptabilityJudgment,33,0,13,,,,1
1645602393,AcceptabilityJudgment,33,0,13,4,NULL,23844,1
1645602393,AcceptabilityJudgment,49,0,21,,,,0
1645602393,AcceptabilityJudgment,49,0,21,1,NULL,4442,0
1645602393,AcceptabilityJudgment,42,0,18,,,,1
1645602393,AcceptabilityJudgment,42,0,18,7,NULL,9632,1
1645602393,AcceptabilityJudgment,53,0,23,,,,0
1645602393,AcceptabilityJudgment,53,0,23,1,NULL,5905,0
1645602393,AcceptabilityJudgment,37,0,15,,,,1
1645602393,AcceptabilityJudgment,37,0,15,3,NULL,4508,1
1645602393,AcceptabilityJudgment,54,0,24,,,,0
1645602393,AcceptabilityJudgment,54,0,24,1,NULL,5411,0
1645602393,AcceptabilityJudgment,38,0,16,,,,1
1645602393,AcceptabilityJudgment,38,0,16,7,NULL,3453,1
1645602393,AcceptabilityJudgment,45,0,19,,,,0
1645602393,AcceptabilityJudgment,45,0,19,1,NULL,5899,0
1645602821,AcceptabilityJudgment,40,0,17,,,,1
1645602821,AcceptabilityJudgment,40,0,17,7,NULL,8345,1
1645602821,AcceptabilityJudgment,55,0,24,,,,0
1645602821,AcceptabilityJudgment,55,0,24,3,NULL,15201,0
1645602821,AcceptabilityJudgment,35,0,14,,,,1
1645602821,AcceptabilityJudgment,35,0,14,7,NULL,4750,1
1645602821,AcceptabilityJudgment,48,0,21,,,,0
1645602821,AcceptabilityJudgment,48,0,21,1,NULL,2785,0
1645602821,AcceptabilityJudgment,43,0,18,,,,1
1645602821,AcceptabilityJudgment,43,0,18,7,NULL,3824,1
1645602821,AcceptabilityJudgment,47,0,20,,,,0
1645602821,AcceptabilityJudgment,47,0,20,1,NULL,5476,0
1645602821,AcceptabilityJudgment,36,0,15,,,,1
1645602821,AcceptabilityJudgment,36,0,15,7,NULL,7066,1
1645602821,AcceptabilityJudgment,51,0,22,,,,0
1645602821,AcceptabilityJudgment,51,0,22,1,NULL,5196,0
1645602821,AcceptabilityJudgment,39,0,16,,,,1
1645602821,AcceptabilityJudgment,39,0,16,7,NULL,7182,1
1645602821,AcceptabilityJudgment,52,0,23,,,,0
1645602821,AcceptabilityJudgment,52,0,23,1,NULL,5998,0
1645602821,AcceptabilityJudgment,32,0,13,,,,1
1645602821,AcceptabilityJudgment,32,0,13,7,NULL,4733,1
1645602821,AcceptabilityJudgment,44,0,19,,,,0
1645602821,AcceptabilityJudgment,44,0,19,2,NULL,3108,0
1645603146,AcceptabilityJudgment,41,0,17,,,,1
1645603146,AcceptabilityJudgment,41,0,17,1,NULL,15006,1
1645603146,AcceptabilityJudgment,54,0,24,,,,0
1645603146,AcceptabilityJudgment,54,0,24,1,NULL,12071,0
1645603146,AcceptabilityJudgment,42,0,18,,,,1
1645603146,AcceptabilityJudgment,42,0,18,6,NULL,23377,1
1645603146,AcceptabilityJudgment,50,0,22,,,,0
1645603146,AcceptabilityJudgment,50,0,22,1,NULL,15456,0
1645603146,AcceptabilityJudgment,37,0,15,,,,1
1645603146,AcceptabilityJudgment,37,0,15,3,NULL,25795,1
1645603146,AcceptabilityJudgment,45,0,19,,,,0
1645603146,AcceptabilityJudgment,45,0,19,1,NULL,11959,0
1645603146,AcceptabilityJudgment,34,0,14,,,,1
1645603146,AcceptabilityJudgment,34,0,14,5,NULL,25298,1
1645603146,AcceptabilityJudgment,49,0,21,,,,0
1645603146,AcceptabilityJudgment,49,0,21,4,NULL,13373,0
1645603146,AcceptabilityJudgment,33,0,13,,,,1
1645603146,AcceptabilityJudgment,33,0,13,6,NULL,17624,1
1645603146,AcceptabilityJudgment,53,0,23,,,,0
1645603146,AcceptabilityJudgment,53,0,23,3,NULL,15475,0
1645603146,AcceptabilityJudgment,38,0,16,,,,1
1645603146,AcceptabilityJudgment,38,0,16,6,NULL,12394,1
1645603146,AcceptabilityJudgment,46,0,20,,,,0
1645603146,AcceptabilityJudgment,46,0,20,1,NULL,21127,0
1645603293,AcceptabilityJudgment,53,0,23,,,,0
1645603293,AcceptabilityJudgment,53,0,23,2,NULL,20756,0
1645603293,AcceptabilityJudgment,33,0,13,,,,1
1645603293,AcceptabilityJudgment,33,0,13,6,NULL,18714,1
1645603293,AcceptabilityJudgment,45,0,19,,,,0
1645603293,AcceptabilityJudgment,45,0,19,1,NULL,5437,0
1645603293,AcceptabilityJudgment,42,0,18,,,,1
1645603293,AcceptabilityJudgment,42,0,18,7,NULL,6814,1
1645603293,AcceptabilityJudgment,50,0,22,,,,0
1645603293,AcceptabilityJudgment,50,0,22,1,NULL,4833,0
1645603293,AcceptabilityJudgment,34,0,14,,,,1
1645603293,AcceptabilityJudgment,34,0,14,7,NULL,7031,1
1645603293,AcceptabilityJudgment,49,0,21,,,,0
1645603293,AcceptabilityJudgment,49,0,21,2,NULL,5899,0
1645603293,AcceptabilityJudgment,37,0,15,,,,1
1645603293,AcceptabilityJudgment,37,0,15,6,NULL,7902,1
1645603293,AcceptabilityJudgment,46,0,20,,,,0
1645603293,AcceptabilityJudgment,46,0,20,1,NULL,3578,0
1645603293,AcceptabilityJudgment,41,0,17,,,,1
1645603293,AcceptabilityJudgment,41,0,17,7,NULL,4891,1
1645603293,AcceptabilityJudgment,54,0,24,,,,0
1645603293,AcceptabilityJudgment,54,0,24,1,NULL,3667,0
1645603293,AcceptabilityJudgment,38,0,16,,,,1
1645603293,AcceptabilityJudgment,38,0,16,7,NULL,2807,1
1645604450,AcceptabilityJudgment,47,0,20,,,,0
1645604450,AcceptabilityJudgment,47,0,20,1,NULL,4498,0
1645604450,AcceptabilityJudgment,32,0,13,,,,1
1645604450,AcceptabilityJudgment,32,0,13,7,NULL,7186,1
1645604450,AcceptabilityJudgment,44,0,19,,,,0
1645604450,AcceptabilityJudgment,44,0,19,1,NULL,4923,0
1645604450,AcceptabilityJudgment,36,0,15,,,,1
1645604450,AcceptabilityJudgment,36,0,15,7,NULL,14358,1
1645604450,AcceptabilityJudgment,52,0,23,,,,0
1645604450,AcceptabilityJudgment,52,0,23,1,NULL,4161,0
1645604450,AcceptabilityJudgment,39,0,16,,,,1
1645604450,AcceptabilityJudgment,39,0,16,7,NULL,10211,1
1645604450,AcceptabilityJudgment,48,0,21,,,,0
1645604450,AcceptabilityJudgment,48,0,21,2,NULL,6595,0
1645604450,AcceptabilityJudgment,40,0,17,,,,1
1645604450,AcceptabilityJudgment,40,0,17,7,NULL,9823,1
1645604450,AcceptabilityJudgment,55,0,24,,,,0
1645604450,AcceptabilityJudgment,55,0,24,1,NULL,4901,0
1645604450,AcceptabilityJudgment,35,0,14,,,,1
1645604450,AcceptabilityJudgment,35,0,14,7,NULL,5509,1
1645604450,AcceptabilityJudgment,51,0,22,,,,0
1645604450,AcceptabilityJudgment,51,0,22,1,NULL,5663,0
1645604450,AcceptabilityJudgment,43,0,18,,,,1
1645604450,AcceptabilityJudgment,43,0,18,7,NULL,6310,1
1645604504,AcceptabilityJudgment,42,0,18,,,,1
1645604504,AcceptabilityJudgment,42,0,18,7,NULL,9314,1
1645604504,AcceptabilityJudgment,49,0,21,,,,0
1645604504,AcceptabilityJudgment,49,0,21,1,NULL,9824,0
1645604504,AcceptabilityJudgment,38,0,16,,,,1
1645604504,AcceptabilityJudgment,38,0,16,7,NULL,8719,1
1645604504,AcceptabilityJudgment,50,0,22,,,,0
1645604504,AcceptabilityJudgment,50,0,22,1,NULL,7748,0
1645604504,AcceptabilityJudgment,37,0,15,,,,1
1645604504,AcceptabilityJudgment,37,0,15,4,NULL,11645,1
1645604504,AcceptabilityJudgment,45,0,19,,,,0
1645604504,AcceptabilityJudgment,45,0,19,1,NULL,8199,0
1645604504,AcceptabilityJudgment,33,0,13,,,,1
1645604504,AcceptabilityJudgment,33,0,13,7,NULL,13825,1
1645604504,AcceptabilityJudgment,46,0,20,,,,0
1645604504,AcceptabilityJudgment,46,0,20,1,NULL,5104,0
1645604504,AcceptabilityJudgment,41,0,17,,,,1
1645604504,AcceptabilityJudgment,41,0,17,7,NULL,4180,1
1645604504,AcceptabilityJudgment,54,0,24,,,,0
1645604504,AcceptabilityJudgment,54,0,24,1,NULL,7070,0
1645604504,AcceptabilityJudgment,34,0,14,,,,1
1645604504,AcceptabilityJudgment,34,0,14,1,NULL,15200,1
1645604504,AcceptabilityJudgment,53,0,23,,,,0
1645604504,AcceptabilityJudgment,53,0,23,1,NULL,10563,0
1645605013,AcceptabilityJudgment,35,0,14,,,,1
1645605013,AcceptabilityJudgment,35,0,14,7,NULL,11394,1
1645605013,AcceptabilityJudgment,51,0,22,,,,0
1645605013,AcceptabilityJudgment,51,0,22,2,NULL,51020,0
1645605013,AcceptabilityJudgment,32,0,13,,,,1
1645605013,AcceptabilityJudgment,32,0,13,7,NULL,7026,1
1645605013,AcceptabilityJudgment,55,0,24,,,,0
1645605013,AcceptabilityJudgment,55,0,24,1,NULL,14562,0
1645605013,AcceptabilityJudgment,39,0,16,,,,1
1645605013,AcceptabilityJudgment,39,0,16,2,NULL,23152,1
1645605013,AcceptabilityJudgment,44,0,19,,,,0
1645605013,AcceptabilityJudgment,44,0,19,1,NULL,12005,0
1645605013,AcceptabilityJudgment,43,0,18,,,,1
1645605013,AcceptabilityJudgment,43,0,18,7,NULL,9256,1
1645605013,AcceptabilityJudgment,48,0,21,,,,0
1645605013,AcceptabilityJudgment,48,0,21,1,NULL,8867,0
1645605013,AcceptabilityJudgment,36,0,15,,,,1
1645605013,AcceptabilityJudgment,36,0,15,7,NULL,18056,1
1645605013,AcceptabilityJudgment,47,0,20,,,,0
1645605013,AcceptabilityJudgment,47,0,20,1,NULL,13804,0
1645605013,AcceptabilityJudgment,40,0,17,,,,1
1645605013,AcceptabilityJudgment,40,0,17,7,NULL,48175,1
1645605013,AcceptabilityJudgment,52,0,23,,,,0
1645605013,AcceptabilityJudgment,52,0,23,1,NULL,11090,0
1645605128,AcceptabilityJudgment,41,0,17,,,,1
1645605128,AcceptabilityJudgment,41,0,17,3,NULL,21017,1
1645605128,AcceptabilityJudgment,45,0,19,,,,0
1645605128,AcceptabilityJudgment,45,0,19,1,NULL,9034,0
1645605128,AcceptabilityJudgment,38,0,16,,,,1
1645605128,AcceptabilityJudgment,38,0,16,7,NULL,6747,1
1645605128,AcceptabilityJudgment,49,0,21,,,,0
1645605128,AcceptabilityJudgment,49,0,21,3,NULL,12217,0
1645605128,AcceptabilityJudgment,42,0,18,,,,1
1645605128,AcceptabilityJudgment,42,0,18,7,NULL,11408,1
1645605128,AcceptabilityJudgment,46,0,20,,,,0
1645605128,AcceptabilityJudgment,46,0,20,3,NULL,13963,0
1645605128,AcceptabilityJudgment,37,0,15,,,,1
1645605128,AcceptabilityJudgment,37,0,15,7,NULL,11302,1
1645605128,AcceptabilityJudgment,54,0,24,,,,0
1645605128,AcceptabilityJudgment,54,0,24,5,NULL,24596,0
1645605128,AcceptabilityJudgment,33,0,13,,,,1
1645605128,AcceptabilityJudgment,33,0,13,3,NULL,10754,1
1645605128,AcceptabilityJudgment,50,0,22,,,,0
1645605128,AcceptabilityJudgment,50,0,22,1,NULL,6069,0
1645605128,AcceptabilityJudgment,34,0,14,,,,1
1645605128,AcceptabilityJudgment,34,0,14,7,NULL,8376,1
1645605128,AcceptabilityJudgment,53,0,23,,,,0
1645605128,AcceptabilityJudgment,53,0,23,1,NULL,10436,0
1645605592,AcceptabilityJudgment,54,0,24,,,,0
1645605592,AcceptabilityJudgment,54,0,24,1,NULL,11811,0
1645605592,AcceptabilityJudgment,41,0,17,,,,1
1645605592,AcceptabilityJudgment,41,0,17,7,NULL,7741,1
1645605592,AcceptabilityJudgment,46,0,20,,,,0
1645605592,AcceptabilityJudgment,46,0,20,2,NULL,16873,0
1645605592,AcceptabilityJudgment,37,0,15,,,,1
1645605592,AcceptabilityJudgment,37,0,15,7,NULL,7777,1
1645605592,AcceptabilityJudgment,50,0,22,,,,0
1645605592,AcceptabilityJudgment,50,0,22,3,NULL,5567,0
1645605592,AcceptabilityJudgment,33,0,13,,,,1
1645605592,AcceptabilityJudgment,33,0,13,5,NULL,11210,1
1645605592,AcceptabilityJudgment,49,0,21,,,,0
1645605592,AcceptabilityJudgment,49,0,21,3,NULL,5780,0
1645605592,AcceptabilityJudgment,42,0,18,,,,1
1645605592,AcceptabilityJudgment,42,0,18,6,NULL,12907,1
1645605592,AcceptabilityJudgment,53,0,23,,,,0
1645605592,AcceptabilityJudgment,53,0,23,6,NULL,8694,0
1645605592,AcceptabilityJudgment,38,0,16,,,,1
1645605592,AcceptabilityJudgment,38,0,16,7,NULL,5520,1
1645605592,AcceptabilityJudgment,45,0,19,,,,0
1645605592,AcceptabilityJudgment,45,0,19,2,NULL,8934,0
1645605592,AcceptabilityJudgment,34,0,14,,,,1
1645605592,AcceptabilityJudgment,34,0,14,4,NULL,10230,1
1645605614,AcceptabilityJudgment,43,0,18,,,,1
1645605614,AcceptabilityJudgment,43,0,18,7,NULL,8273,1
1645605614,AcceptabilityJudgment,48,0,21,,,,0
1645605614,AcceptabilityJudgment,48,0,21,1,NULL,9103,0
1645605614,AcceptabilityJudgment,36,0,15,,,,1
1645605614,AcceptabilityJudgment,36,0,15,7,NULL,7937,1
1645605614,AcceptabilityJudgment,55,0,24,,,,0
1645605614,AcceptabilityJudgment,55,0,24,1,NULL,6245,0
1645605614,AcceptabilityJudgment,35,0,14,,,,1
1645605614,AcceptabilityJudgment,35,0,14,1,NULL,3823,1
1645605614,AcceptabilityJudgment,51,0,22,,,,0
1645605614,AcceptabilityJudgment,51,0,22,1,NULL,6199,0
1645605614,AcceptabilityJudgment,40,0,17,,,,1
1645605614,AcceptabilityJudgment,40,0,17,7,NULL,8442,1
1645605614,AcceptabilityJudgment,47,0,20,,,,0
1645605614,AcceptabilityJudgment,47,0,20,1,NULL,7226,0
1645605614,AcceptabilityJudgment,32,0,13,,,,1
1645605614,AcceptabilityJudgment,32,0,13,7,NULL,3855,1
1645605614,AcceptabilityJudgment,44,0,19,,,,0
1645605614,AcceptabilityJudgment,44,0,19,1,NULL,3442,0
1645605614,AcceptabilityJudgment,39,0,16,,,,1
1645605614,AcceptabilityJudgment,39,0,16,7,NULL,8551,1
1645605614,AcceptabilityJudgment,52,0,23,,,,0
1645605614,AcceptabilityJudgment,52,0,23,1,NULL,9083,0
1645606349,AcceptabilityJudgment,36,0,15,,,,1
1645606349,AcceptabilityJudgment,36,0,15,4,NULL,3024,1
1645606349,AcceptabilityJudgment,44,0,19,,,,0
1645606349,AcceptabilityJudgment,44,0,19,1,NULL,4631,0
1645606349,AcceptabilityJudgment,35,0,14,,,,1
1645606349,AcceptabilityJudgment,35,0,14,5,NULL,11998,1
1645606349,AcceptabilityJudgment,47,0,20,,,,0
1645606349,AcceptabilityJudgment,47,0,20,1,NULL,6194,0
1645606349,AcceptabilityJudgment,40,0,17,,,,1
1645606349,AcceptabilityJudgment,40,0,17,3,NULL,15286,1
1645606349,AcceptabilityJudgment,52,0,23,,,,0
1645606349,AcceptabilityJudgment,52,0,23,1,NULL,4377,0
1645606349,AcceptabilityJudgment,43,0,18,,,,1
1645606349,AcceptabilityJudgment,43,0,18,7,NULL,3576,1
1645606349,AcceptabilityJudgment,55,0,24,,,,0
1645606349,AcceptabilityJudgment,55,0,24,1,NULL,7799,0
1645606349,AcceptabilityJudgment,32,0,13,,,,1
1645606349,AcceptabilityJudgment,32,0,13,7,NULL,4282,1
1645606349,AcceptabilityJudgment,51,0,22,,,,0
1645606349,AcceptabilityJudgment,51,0,22,1,NULL,4650,0
1645606349,AcceptabilityJudgment,39,0,16,,,,1
1645606349,AcceptabilityJudgment,39,0,16,5,NULL,8047,1
1645606349,AcceptabilityJudgment,48,0,21,,,,0
1645606349,AcceptabilityJudgment,48,0,21,1,NULL,2256,0
1645607738,AcceptabilityJudgment,53,0,23,,,,0
1645607738,AcceptabilityJudgment,53,0,23,4,NULL,11804,0
1645607738,AcceptabilityJudgment,37,0,15,,,,1
1645607738,AcceptabilityJudgment,37,0,15,5,NULL,7987,1
1645607738,AcceptabilityJudgment,50,0,22,,,,0
1645607738,AcceptabilityJudgment,50,0,22,3,NULL,6490,0
1645607738,AcceptabilityJudgment,42,0,18,,,,1
1645607738,AcceptabilityJudgment,42,0,18,7,NULL,12954,1
1645607738,AcceptabilityJudgment,54,0,24,,,,0
1645607738,AcceptabilityJudgment,54,0,24,1,NULL,4851,0
1645607738,AcceptabilityJudgment,34,0,14,,,,1
1645607738,AcceptabilityJudgment,34,0,14,7,NULL,8842,1
1645607738,AcceptabilityJudgment,49,0,21,,,,0
1645607738,AcceptabilityJudgment,49,0,21,1,NULL,11151,0
1645607738,AcceptabilityJudgment,41,0,17,,,,1
1645607738,AcceptabilityJudgment,41,0,17,7,NULL,6550,1
1645607738,AcceptabilityJudgment,46,0,20,,,,0
1645607738,AcceptabilityJudgment,46,0,20,1,NULL,16327,0
1645607738,AcceptabilityJudgment,33,0,13,,,,1
1645607738,AcceptabilityJudgment,33,0,13,7,NULL,7611,1
1645607738,AcceptabilityJudgment,45,0,19,,,,0
1645607738,AcceptabilityJudgment,45,0,19,1,NULL,5849,0
1645607738,AcceptabilityJudgment,38,0,16,,,,1
1645607738,AcceptabilityJudgment,38,0,16,7,NULL,4573,1
1645608303,AcceptabilityJudgment,39,0,16,,,,1
1645608303,AcceptabilityJudgment,39,0,16,7,NULL,14929,1
1645608303,AcceptabilityJudgment,48,0,21,,,,0
1645608303,AcceptabilityJudgment,48,0,21,1,NULL,5747,0
1645608303,AcceptabilityJudgment,36,0,15,,,,1
1645608303,AcceptabilityJudgment,36,0,15,7,NULL,12305,1
1645608303,AcceptabilityJudgment,44,0,19,,,,0
1645608303,AcceptabilityJudgment,44,0,19,1,NULL,2663,0
1645608303,AcceptabilityJudgment,32,0,13,,,,1
1645608303,AcceptabilityJudgment,32,0,13,7,NULL,7214,1
1645608303,AcceptabilityJudgment,47,0,20,,,,0
1645608303,AcceptabilityJudgment,47,0,20,1,NULL,4714,0
1645608303,AcceptabilityJudgment,43,0,18,,,,1
1645608303,AcceptabilityJudgment,43,0,18,7,NULL,11111,1
1645608303,AcceptabilityJudgment,52,0,23,,,,0
1645608303,AcceptabilityJudgment,52,0,23,1,NULL,5244,0
1645608303,AcceptabilityJudgment,40,0,17,,,,1
1645608303,AcceptabilityJudgment,40,0,17,6,NULL,9659,1
1645608303,AcceptabilityJudgment,51,0,22,,,,0
1645608303,AcceptabilityJudgment,51,0,22,1,NULL,5761,0
1645608303,AcceptabilityJudgment,35,0,14,,,,1
1645608303,AcceptabilityJudgment,35,0,14,6,NULL,6303,1
1645608303,AcceptabilityJudgment,55,0,24,,,,0
1645608303,AcceptabilityJudgment,55,0,24,1,NULL,6343,0
1645608336,AcceptabilityJudgment,32,0,13,,,,1
1645608336,AcceptabilityJudgment,32,0,13,5,NULL,58576,1
1645608336,AcceptabilityJudgment,47,0,20,,,,0
1645608336,AcceptabilityJudgment,47,0,20,1,NULL,14654,0
1645608336,AcceptabilityJudgment,35,0,14,,,,1
1645608336,AcceptabilityJudgment,35,0,14,6,NULL,28377,1
1645608336,AcceptabilityJudgment,51,0,22,,,,0
1645608336,AcceptabilityJudgment,51,0,22,1,NULL,13813,0
1645608336,AcceptabilityJudgment,43,0,18,,,,1
1645608336,AcceptabilityJudgment,43,0,18,7,NULL,14835,1
1645608336,AcceptabilityJudgment,52,0,23,,,,0
1645608336,AcceptabilityJudgment,52,0,23,1,NULL,11584,0
1645608336,AcceptabilityJudgment,36,0,15,,,,1
1645608336,AcceptabilityJudgment,36,0,15,7,NULL,14721,1
1645608336,AcceptabilityJudgment,44,0,19,,,,0
1645608336,AcceptabilityJudgment,44,0,19,1,NULL,3364,0
1645608336,AcceptabilityJudgment,39,0,16,,,,1
1645608336,AcceptabilityJudgment,39,0,16,4,NULL,15687,1
1645608336,AcceptabilityJudgment,55,0,24,,,,0
1645608336,AcceptabilityJudgment,55,0,24,1,NULL,8528,0
1645608336,AcceptabilityJudgment,40,0,17,,,,1
1645608336,AcceptabilityJudgment,40,0,17,6,NULL,21852,1
1645608336,AcceptabilityJudgment,48,0,21,,,,0
1645608336,AcceptabilityJudgment,48,0,21,1,NULL,2911,0
1645608561,AcceptabilityJudgment,53,0,23,,,,0
1645608561,AcceptabilityJudgment,53,0,23,1,NULL,6988,0
1645608561,AcceptabilityJudgment,42,0,18,,,,1
1645608561,AcceptabilityJudgment,42,0,18,7,NULL,7389,1
1645608561,AcceptabilityJudgment,50,0,22,,,,0
1645608561,AcceptabilityJudgment,50,0,22,1,NULL,3351,0
1645608561,AcceptabilityJudgment,34,0,14,,,,1
1645608561,AcceptabilityJudgment,34,0,14,7,NULL,4273,1
1645608561,AcceptabilityJudgment,45,0,19,,,,0
1645608561,AcceptabilityJudgment,45,0,19,1,NULL,2926,0
1645608561,AcceptabilityJudgment,38,0,16,,,,1
1645608561,AcceptabilityJudgment,38,0,16,7,NULL,4599,1
1645608561,AcceptabilityJudgment,54,0,24,,,,0
1645608561,AcceptabilityJudgment,54,0,24,1,NULL,3207,0
1645608561,AcceptabilityJudgment,33,0,13,,,,1
1645608561,AcceptabilityJudgment,33,0,13,7,NULL,9994,1
1645608561,AcceptabilityJudgment,46,0,20,,,,0
1645608561,AcceptabilityJudgment,46,0,20,1,NULL,5784,0
1645608561,AcceptabilityJudgment,37,0,15,,,,1
1645608561,AcceptabilityJudgment,37,0,15,7,NULL,7353,1
1645608561,AcceptabilityJudgment,49,0,21,,,,0
1645608561,AcceptabilityJudgment,49,0,21,1,NULL,2205,0
1645608561,AcceptabilityJudgment,41,0,17,,,,1
1645608561,AcceptabilityJudgment,41,0,17,7,NULL,3617,1
1645611204,AcceptabilityJudgment,41,0,17,,,,1
1645611204,AcceptabilityJudgment,41,0,17,7,NULL,20441,1
1645611204,AcceptabilityJudgment,49,0,21,,,,0
1645611204,AcceptabilityJudgment,49,0,21,2,NULL,6368,0
1645611204,AcceptabilityJudgment,34,0,14,,,,1
1645611204,AcceptabilityJudgment,34,0,14,6,NULL,3634,1
1645611204,AcceptabilityJudgment,53,0,23,,,,0
1645611204,AcceptabilityJudgment,53,0,23,2,NULL,4402,0
1645611204,AcceptabilityJudgment,33,0,13,,,,1
1645611204,AcceptabilityJudgment,33,0,13,6,NULL,13358,1
1645611204,AcceptabilityJudgment,54,0,24,,,,0
1645611204,AcceptabilityJudgment,54,0,24,1,NULL,6767,0
1645611204,AcceptabilityJudgment,38,0,16,,,,1
1645611204,AcceptabilityJudgment,38,0,16,7,NULL,8679,1
1645611204,AcceptabilityJudgment,46,0,20,,,,0
1645611204,AcceptabilityJudgment,46,0,20,1,NULL,7049,0
1645611204,AcceptabilityJudgment,42,0,18,,,,1
1645611204,AcceptabilityJudgment,42,0,18,6,NULL,10595,1
1645611204,AcceptabilityJudgment,45,0,19,,,,0
1645611204,AcceptabilityJudgment,45,0,19,1,NULL,4802,0
1645611204,AcceptabilityJudgment,37,0,15,,,,1
1645611204,AcceptabilityJudgment,37,0,15,5,NULL,6318,1
1645611204,AcceptabilityJudgment,50,0,22,,,,0
1645611204,AcceptabilityJudgment,50,0,22,2,NULL,7199,0
1645611285,AcceptabilityJudgment,41,0,17,,,,1
1645611285,AcceptabilityJudgment,41,0,17,5,NULL,14039,1
1645611285,AcceptabilityJudgment,46,0,20,,,,0
1645611285,AcceptabilityJudgment,46,0,20,1,NULL,2744,0
1645611285,AcceptabilityJudgment,34,0,14,,,,1
1645611285,AcceptabilityJudgment,34,0,14,7,NULL,8292,1
1645611285,AcceptabilityJudgment,54,0,24,,,,0
1645611285,AcceptabilityJudgment,54,0,24,1,NULL,3720,0
1645611285,AcceptabilityJudgment,42,0,18,,,,1
1645611285,AcceptabilityJudgment,42,0,18,7,NULL,3195,1
1645611285,AcceptabilityJudgment,50,0,22,,,,0
1645611285,AcceptabilityJudgment,50,0,22,1,NULL,3660,0
1645611285,AcceptabilityJudgment,38,0,16,,,,1
1645611285,AcceptabilityJudgment,38,0,16,7,NULL,1890,1
1645611285,AcceptabilityJudgment,53,0,23,,,,0
1645611285,AcceptabilityJudgment,53,0,23,1,NULL,39021,0
1645611285,AcceptabilityJudgment,33,0,13,,,,1
1645611285,AcceptabilityJudgment,33,0,13,7,NULL,10791,1
1645611285,AcceptabilityJudgment,49,0,21,,,,0
1645611285,AcceptabilityJudgment,49,0,21,1,NULL,2726,0
1645611285,AcceptabilityJudgment,37,0,15,,,,1
1645611285,AcceptabilityJudgment,37,0,15,1,NULL,3240,1
1645611285,AcceptabilityJudgment,45,0,19,,,,0
1645611285,AcceptabilityJudgment,45,0,19,1,NULL,2845,0
1645615089,AcceptabilityJudgment,54,0,24,,,,0
1645615089,AcceptabilityJudgment,54,0,24,1,NULL,6508,0
1645615089,AcceptabilityJudgment,42,0,18,,,,1
1645615089,AcceptabilityJudgment,42,0,18,7,NULL,7029,1
1645615089,AcceptabilityJudgment,45,0,19,,,,0
1645615089,AcceptabilityJudgment,45,0,19,3,NULL,6616,0
1645615089,AcceptabilityJudgment,41,0,17,,,,1
1645615089,AcceptabilityJudgment,41,0,17,7,NULL,5555,1
1645615089,AcceptabilityJudgment,49,0,21,,,,0
1645615089,AcceptabilityJudgment,49,0,21,1,NULL,4923,0
1645615089,AcceptabilityJudgment,38,0,16,,,,1
1645615089,AcceptabilityJudgment,38,0,16,7,NULL,3452,1
1645615089,AcceptabilityJudgment,46,0,20,,,,0
1645615089,AcceptabilityJudgment,46,0,20,1,NULL,5103,0
1645615089,AcceptabilityJudgment,34,0,14,,,,1
1645615089,AcceptabilityJudgment,34,0,14,7,NULL,6095,1
1645615089,AcceptabilityJudgment,50,0,22,,,,0
1645615089,AcceptabilityJudgment,50,0,22,1,NULL,6235,0
1645615089,AcceptabilityJudgment,37,0,15,,,,1
1645615089,AcceptabilityJudgment,37,0,15,6,NULL,5253,1
1645615089,AcceptabilityJudgment,53,0,23,,,,0
1645615089,AcceptabilityJudgment,53,0,23,4,NULL,8207,0
1645615089,AcceptabilityJudgment,33,0,13,,,,1
1645615089,AcceptabilityJudgment,33,0,13,7,NULL,7106,1
1645615675,AcceptabilityJudgment,36,0,15,,,,1
1645615675,AcceptabilityJudgment,36,0,15,7,NULL,26729,1
1645615675,AcceptabilityJudgment,51,0,22,,,,0
1645615675,AcceptabilityJudgment,51,0,22,1,NULL,14565,0
1645615675,AcceptabilityJudgment,32,0,13,,,,1
1645615675,AcceptabilityJudgment,32,0,13,3,NULL,42975,1
1645615675,AcceptabilityJudgment,52,0,23,,,,0
1645615675,AcceptabilityJudgment,52,0,23,1,NULL,16783,0
1645615675,AcceptabilityJudgment,39,0,16,,,,1
1645615675,AcceptabilityJudgment,39,0,16,6,NULL,17132,1
1645615675,AcceptabilityJudgment,47,0,20,,,,0
1645615675,AcceptabilityJudgment,47,0,20,2,NULL,23816,0
1645615675,AcceptabilityJudgment,35,0,14,,,,1
1645615675,AcceptabilityJudgment,35,0,14,6,NULL,18612,1
1645615675,AcceptabilityJudgment,55,0,24,,,,0
1645615675,AcceptabilityJudgment,55,0,24,3,NULL,21741,0
1645615675,AcceptabilityJudgment,40,0,17,,,,1
1645615675,AcceptabilityJudgment,40,0,17,6,NULL,21326,1
1645615675,AcceptabilityJudgment,48,0,21,,,,0
1645615675,AcceptabilityJudgment,48,0,21,2,NULL,10674,0
1645615675,AcceptabilityJudgment,43,0,18,,,,1
1645615675,AcceptabilityJudgment,43,0,18,6,NULL,20822,1
1645615675,AcceptabilityJudgment,44,0,19,,,,0
1645615675,AcceptabilityJudgment,44,0,19,2,NULL,24942,0
1645616756,AcceptabilityJudgment,36,0,15,,,,1
1645616756,AcceptabilityJudgment,36,0,15,7,NULL,12718,1
1645616756,AcceptabilityJudgment,44,0,19,,,,0
1645616756,AcceptabilityJudgment,44,0,19,1,NULL,3641,0
1645616756,AcceptabilityJudgment,39,0,16,,,,1
1645616756,AcceptabilityJudgment,39,0,16,2,NULL,9590,1
1645616756,AcceptabilityJudgment,51,0,22,,,,0
1645616756,AcceptabilityJudgment,51,0,22,1,NULL,9240,0
1645616756,AcceptabilityJudgment,40,0,17,,,,1
1645616756,AcceptabilityJudgment,40,0,17,7,NULL,8035,1
1645616756,AcceptabilityJudgment,47,0,20,,,,0
1645616756,AcceptabilityJudgment,47,0,20,2,NULL,6970,0
1645616756,AcceptabilityJudgment,43,0,18,,,,1
1645616756,AcceptabilityJudgment,43,0,18,7,NULL,45732,1
1645616756,AcceptabilityJudgment,55,0,24,,,,0
1645616756,AcceptabilityJudgment,55,0,24,2,NULL,18656,0
1645616756,AcceptabilityJudgment,32,0,13,,,,1
1645616756,AcceptabilityJudgment,32,0,13,7,NULL,5951,1
1645616756,AcceptabilityJudgment,52,0,23,,,,0
1645616756,AcceptabilityJudgment,52,0,23,1,NULL,4325,0
1645616756,AcceptabilityJudgment,35,0,14,,,,1
1645616756,AcceptabilityJudgment,35,0,14,7,NULL,27992,1
1645616756,AcceptabilityJudgment,48,0,21,,,,0
1645616756,AcceptabilityJudgment,48,0,21,1,NULL,15336,0
1645621482,AcceptabilityJudgment,34,0,14,,,,1
1645621482,AcceptabilityJudgment,34,0,14,7,NULL,7196,1
1645621482,AcceptabilityJudgment,45,0,19,,,,0
1645621482,AcceptabilityJudgment,45,0,19,1,NULL,10003,0
1645621482,AcceptabilityJudgment,37,0,15,,,,1
1645621482,AcceptabilityJudgment,37,0,15,7,NULL,6233,1
1645621482,AcceptabilityJudgment,49,0,21,,,,0
1645621482,AcceptabilityJudgment,49,0,21,3,NULL,12392,0
1645621482,AcceptabilityJudgment,33,0,13,,,,1
1645621482,AcceptabilityJudgment,33,0,13,7,NULL,7266,1
1645621482,AcceptabilityJudgment,46,0,20,,,,0
1645621482,AcceptabilityJudgment,46,0,20,3,NULL,11641,0
1645621482,AcceptabilityJudgment,42,0,18,,,,1
1645621482,AcceptabilityJudgment,42,0,18,7,NULL,6393,1
1645621482,AcceptabilityJudgment,53,0,23,,,,0
1645621482,AcceptabilityJudgment,53,0,23,7,NULL,4593,0
1645621482,AcceptabilityJudgment,38,0,16,,,,1
1645621482,AcceptabilityJudgment,38,0,16,7,NULL,4347,1
1645621482,AcceptabilityJudgment,54,0,24,,,,0
1645621482,AcceptabilityJudgment,54,0,24,3,NULL,5039,0
1645621482,AcceptabilityJudgment,41,0,17,,,,1
1645621482,AcceptabilityJudgment,41,0,17,7,NULL,8551,1
1645621482,AcceptabilityJudgment,50,0,22,,,,0
1645621482,AcceptabilityJudgment,50,0,22,3,NULL,9535,0
1645621818,AcceptabilityJudgment,40,0,17,,,,1
1645621818,AcceptabilityJudgment,40,0,17,4,NULL,18312,1
1645621818,AcceptabilityJudgment,48,0,21,,,,0
1645621818,AcceptabilityJudgment,48,0,21,1,NULL,5368,0
1645621818,AcceptabilityJudgment,39,0,16,,,,1
1645621818,AcceptabilityJudgment,39,0,16,5,NULL,14197,1
1645621818,AcceptabilityJudgment,55,0,24,,,,0
1645621818,AcceptabilityJudgment,55,0,24,1,NULL,9098,0
1645621818,AcceptabilityJudgment,43,0,18,,,,1
1645621818,AcceptabilityJudgment,43,0,18,7,NULL,13582,1
1645621818,AcceptabilityJudgment,44,0,19,,,,0
1645621818,AcceptabilityJudgment,44,0,19,1,NULL,3699,0
1645621818,AcceptabilityJudgment,36,0,15,,,,1
1645621818,AcceptabilityJudgment,36,0,15,7,NULL,10707,1
1645621818,AcceptabilityJudgment,47,0,20,,,,0
1645621818,AcceptabilityJudgment,47,0,20,1,NULL,5129,0
1645621818,AcceptabilityJudgment,32,0,13,,,,1
1645621818,AcceptabilityJudgment,32,0,13,7,NULL,5208,1
1645621818,AcceptabilityJudgment,52,0,23,,,,0
1645621818,AcceptabilityJudgment,52,0,23,1,NULL,13448,0
1645621818,AcceptabilityJudgment,35,0,14,,,,1
1645621818,AcceptabilityJudgment,35,0,14,7,NULL,10672,1
1645621818,AcceptabilityJudgment,51,0,22,,,,0
1645621818,AcceptabilityJudgment,51,0,22,1,NULL,8009,0
1645623349,AcceptabilityJudgment,48,0,21,,,,0
1645623349,AcceptabilityJudgment,48,0,21,1,NULL,5078,0
1645623349,AcceptabilityJudgment,36,0,15,,,,1
1645623349,AcceptabilityJudgment,36,0,15,7,NULL,7513,1
1645623349,AcceptabilityJudgment,51,0,22,,,,0
1645623349,AcceptabilityJudgment,51,0,22,1,NULL,9154,0
1645623349,AcceptabilityJudgment,35,0,14,,,,1
1645623349,AcceptabilityJudgment,35,0,14,7,NULL,3463,1
1645623349,AcceptabilityJudgment,55,0,24,,,,0
1645623349,AcceptabilityJudgment,55,0,24,1,NULL,5916,0
1645623349,AcceptabilityJudgment,39,0,16,,,,1
1645623349,AcceptabilityJudgment,39,0,16,6,NULL,14412,1
1645623349,AcceptabilityJudgment,52,0,23,,,,0
1645623349,AcceptabilityJudgment,52,0,23,1,NULL,7395,0
1645623349,AcceptabilityJudgment,43,0,18,,,,1
1645623349,AcceptabilityJudgment,43,0,18,7,NULL,3568,1
1645623349,AcceptabilityJudgment,44,0,19,,,,0
1645623349,AcceptabilityJudgment,44,0,19,1,NULL,4706,0
1645623349,AcceptabilityJudgment,40,0,17,,,,1
1645623349,AcceptabilityJudgment,40,0,17,6,NULL,10152,1
1645623349,AcceptabilityJudgment,47,0,20,,,,0
1645623349,AcceptabilityJudgment,47,0,20,1,NULL,3703,0
1645623349,AcceptabilityJudgment,32,0,13,,,,1
1645623349,AcceptabilityJudgment,32,0,13,7,NULL,3031,1
1645639395,AcceptabilityJudgment,55,0,24,,,,0
1645639395,AcceptabilityJudgment,55,0,24,1,NULL,19208,0
1645639395,AcceptabilityJudgment,32,0,13,,,,1
1645639395,AcceptabilityJudgment,32,0,13,3,NULL,23160,1
1645639395,AcceptabilityJudgment,52,0,23,,,,0
1645639395,AcceptabilityJudgment,52,0,23,1,NULL,22779,0
1645639395,AcceptabilityJudgment,39,0,16,,,,1
1645639395,AcceptabilityJudgment,39,0,16,3,NULL,39156,1
1645639395,AcceptabilityJudgment,47,0,20,,,,0
1645639395,AcceptabilityJudgment,47,0,20,1,NULL,13979,0
1645639395,AcceptabilityJudgment,36,0,15,,,,1
1645639395,AcceptabilityJudgment,36,0,15,7,NULL,16118,1
1645639395,AcceptabilityJudgment,48,0,21,,,,0
1645639395,AcceptabilityJudgment,48,0,21,7,NULL,1442,0
1645639395,AcceptabilityJudgment,35,0,14,,,,1
1645639395,AcceptabilityJudgment,35,0,14,7,NULL,22054,1
1645639395,AcceptabilityJudgment,44,0,19,,,,0
1645639395,AcceptabilityJudgment,44,0,19,1,NULL,4986,0
1645639395,AcceptabilityJudgment,40,0,17,,,,1
1645639395,AcceptabilityJudgment,40,0,17,4,NULL,31247,1
1645639395,AcceptabilityJudgment,51,0,22,,,,0
1645639395,AcceptabilityJudgment,51,0,22,1,NULL,16949,0
1645639395,AcceptabilityJudgment,43,0,18,,,,1
1645639395,AcceptabilityJudgment,43,0,18,7,NULL,20718,1
1645642256,AcceptabilityJudgment,37,0,15,,,,1
1645642256,AcceptabilityJudgment,37,0,15,2,NULL,13557,1
1645642256,AcceptabilityJudgment,49,0,21,,,,0
1645642256,AcceptabilityJudgment,49,0,21,1,NULL,7343,0
1645642256,AcceptabilityJudgment,38,0,16,,,,1
1645642256,AcceptabilityJudgment,38,0,16,7,NULL,3044,1
1645642256,AcceptabilityJudgment,53,0,23,,,,0
1645642256,AcceptabilityJudgment,53,0,23,1,NULL,8532,0
1645642256,AcceptabilityJudgment,34,0,14,,,,1
1645642256,AcceptabilityJudgment,34,0,14,7,NULL,6957,1
1645642256,AcceptabilityJudgment,45,0,19,,,,0
1645642256,AcceptabilityJudgment,45,0,19,1,NULL,5676,0
1645642256,AcceptabilityJudgment,42,0,18,,,,1
1645642256,AcceptabilityJudgment,42,0,18,7,NULL,4777,1
1645642256,AcceptabilityJudgment,46,0,20,,,,0
1645642256,AcceptabilityJudgment,46,0,20,1,NULL,3865,0
1645642256,AcceptabilityJudgment,41,0,17,,,,1
1645642256,AcceptabilityJudgment,41,0,17,7,NULL,12238,1
1645642256,AcceptabilityJudgment,54,0,24,,,,0
1645642256,AcceptabilityJudgment,54,0,24,1,NULL,5936,0
1645642256,AcceptabilityJudgment,33,0,13,,,,1
1645642256,AcceptabilityJudgment,33,0,13,7,NULL,6063,1
1645642256,AcceptabilityJudgment,50,0,22,,,,0
1645642256,AcceptabilityJudgment,50,0,22,1,NULL,3765,0
1645645808,AcceptabilityJudgment,36,0,15,,,,1
1645645808,AcceptabilityJudgment,36,0,15,7,NULL,5922,1
1645645808,AcceptabilityJudgment,55,0,24,,,,0
1645645808,AcceptabilityJudgment,55,0,24,1,NULL,5168,0
1645645808,AcceptabilityJudgment,39,0,16,,,,1
1645645808,AcceptabilityJudgment,39,0,16,7,NULL,10430,1
1645645808,AcceptabilityJudgment,51,0,22,,,,0
1645645808,AcceptabilityJudgment,51,0,22,1,NULL,4167,0
1645645808,AcceptabilityJudgment,35,0,14,,,,1
1645645808,AcceptabilityJudgment,35,0,14,7,NULL,5271,1
1645645808,AcceptabilityJudgment,52,0,23,,,,0
1645645808,AcceptabilityJudgment,52,0,23,1,NULL,4150,0
1645645808,AcceptabilityJudgment,40,0,17,,,,1
1645645808,AcceptabilityJudgment,40,0,17,6,NULL,9356,1
1645645808,AcceptabilityJudgment,48,0,21,,,,0
1645645808,AcceptabilityJudgment,48,0,21,1,NULL,4641,0
1645645808,AcceptabilityJudgment,32,0,13,,,,1
1645645808,AcceptabilityJudgment,32,0,13,7,NULL,2950,1
1645645808,AcceptabilityJudgment,44,0,19,,,,0
1645645808,AcceptabilityJudgment,44,0,19,1,NULL,3001,0
1645645808,AcceptabilityJudgment,43,0,18,,,,1
1645645808,AcceptabilityJudgment,43,0,18,7,NULL,5685,1
1645645808,AcceptabilityJudgment,47,0,20,,,,0
1645645808,AcceptabilityJudgment,47,0,20,1,NULL,2347,0
1645646668,AcceptabilityJudgment,53,0,23,,,,0
1645646668,AcceptabilityJudgment,53,0,23,1,NULL,8085,0
1645646668,AcceptabilityJudgment,42,0,18,,,,1
1645646668,AcceptabilityJudgment,42,0,18,7,NULL,7058,1
1645646668,AcceptabilityJudgment,45,0,19,,,,0
1645646668,AcceptabilityJudgment,45,0,19,1,NULL,5876,0
1645646668,AcceptabilityJudgment,33,0,13,,,,1
1645646668,AcceptabilityJudgment,33,0,13,7,NULL,9807,1
1645646668,AcceptabilityJudgment,54,0,24,,,,0
1645646668,AcceptabilityJudgment,54,0,24,1,NULL,4622,0
1645646668,AcceptabilityJudgment,41,0,17,,,,1
1645646668,AcceptabilityJudgment,41,0,17,6,NULL,4041,1
1645646668,AcceptabilityJudgment,46,0,20,,,,0
1645646668,AcceptabilityJudgment,46,0,20,2,NULL,6180,0
1645646668,AcceptabilityJudgment,37,0,15,,,,1
1645646668,AcceptabilityJudgment,37,0,15,1,NULL,11177,1
1645646668,AcceptabilityJudgment,49,0,21,,,,0
1645646668,AcceptabilityJudgment,49,0,21,2,NULL,5330,0
1645646668,AcceptabilityJudgment,34,0,14,,,,1
1645646668,AcceptabilityJudgment,34,0,14,7,NULL,3784,1
1645646668,AcceptabilityJudgment,50,0,22,,,,0
1645646668,AcceptabilityJudgment,50,0,22,1,NULL,3636,0
1645646668,AcceptabilityJudgment,38,0,16,,,,1
1645646668,AcceptabilityJudgment,38,0,16,7,NULL,2343,1
1645650714,AcceptabilityJudgment,52,0,23,,,,0
1645650714,AcceptabilityJudgment,52,0,23,1,NULL,17798,0
1645650714,AcceptabilityJudgment,39,0,16,,,,1
1645650714,AcceptabilityJudgment,39,0,16,7,NULL,6599,1
1645650714,AcceptabilityJudgment,55,0,24,,,,0
1645650714,AcceptabilityJudgment,55,0,24,1,NULL,12488,0
1645650714,AcceptabilityJudgment,35,0,14,,,,1
1645650714,AcceptabilityJudgment,35,0,14,7,NULL,9400,1
1645650714,AcceptabilityJudgment,47,0,20,,,,0
1645650714,AcceptabilityJudgment,47,0,20,1,NULL,4018,0
1645650714,AcceptabilityJudgment,43,0,18,,,,1
1645650714,AcceptabilityJudgment,43,0,18,7,NULL,5123,1
1645650714,AcceptabilityJudgment,44,0,19,,,,0
1645650714,AcceptabilityJudgment,44,0,19,1,NULL,61523,0
1645650714,AcceptabilityJudgment,40,0,17,,,,1
1645650714,AcceptabilityJudgment,40,0,17,6,NULL,229704,1
1645650714,AcceptabilityJudgment,51,0,22,,,,0
1645650714,AcceptabilityJudgment,51,0,22,1,NULL,5611,0
1645650714,AcceptabilityJudgment,32,0,13,,,,1
1645650714,AcceptabilityJudgment,32,0,13,7,NULL,3164,1
1645650714,AcceptabilityJudgment,48,0,21,,,,0
1645650714,AcceptabilityJudgment,48,0,21,1,NULL,34144,0
1645650714,AcceptabilityJudgment,36,0,15,,,,1
1645650714,AcceptabilityJudgment,36,0,15,7,NULL,5508,1
1645655227,AcceptabilityJudgment,38,0,16,,,,1
1645655227,AcceptabilityJudgment,38,0,16,7,NULL,3073,1
1645655227,AcceptabilityJudgment,54,0,24,,,,0
1645655227,AcceptabilityJudgment,54,0,24,1,NULL,2232,0
1645655227,AcceptabilityJudgment,41,0,17,,,,1
1645655227,AcceptabilityJudgment,41,0,17,7,NULL,4739,1
1645655227,AcceptabilityJudgment,46,0,20,,,,0
1645655227,AcceptabilityJudgment,46,0,20,1,NULL,2852,0
1645655227,AcceptabilityJudgment,42,0,18,,,,1
1645655227,AcceptabilityJudgment,42,0,18,7,NULL,6788,1
1645655227,AcceptabilityJudgment,53,0,23,,,,0
1645655227,AcceptabilityJudgment,53,0,23,1,NULL,3362,0
1645655227,AcceptabilityJudgment,34,0,14,,,,1
1645655227,AcceptabilityJudgment,34,0,14,7,NULL,3679,1
1645655227,AcceptabilityJudgment,50,0,22,,,,0
1645655227,AcceptabilityJudgment,50,0,22,1,NULL,3813,0
1645655227,AcceptabilityJudgment,33,0,13,,,,1
1645655227,AcceptabilityJudgment,33,0,13,7,NULL,6236,1
1645655227,AcceptabilityJudgment,45,0,19,,,,0
1645655227,AcceptabilityJudgment,45,0,19,3,NULL,6840,0
1645655227,AcceptabilityJudgment,37,0,15,,,,1
1645655227,AcceptabilityJudgment,37,0,15,3,NULL,5035,1
1645655227,AcceptabilityJudgment,49,0,21,,,,0
1645655227,AcceptabilityJudgment,49,0,21,1,NULL,7800,0
1645726009,AcceptabilityJudgment,39,0,16,,,,1
1645726009,AcceptabilityJudgment,39,0,16,7,NULL,5396,1
1645726009,AcceptabilityJudgment,55,0,24,,,,0
1645726009,AcceptabilityJudgment,55,0,24,1,NULL,6027,0
1645726009,AcceptabilityJudgment,40,0,17,,,,1
1645726009,AcceptabilityJudgment,40,0,17,6,NULL,5805,1
1645726009,AcceptabilityJudgment,47,0,20,,,,0
1645726009,AcceptabilityJudgment,47,0,20,1,NULL,3968,0
1645726009,AcceptabilityJudgment,32,0,13,,,,1
1645726009,AcceptabilityJudgment,32,0,13,7,NULL,3559,1
1645726009,AcceptabilityJudgment,52,0,23,,,,0
1645726009,AcceptabilityJudgment,52,0,23,1,NULL,2876,0
1645726009,AcceptabilityJudgment,36,0,15,,,,1
1645726009,AcceptabilityJudgment,36,0,15,7,NULL,4975,1
1645726009,AcceptabilityJudgment,51,0,22,,,,0
1645726009,AcceptabilityJudgment,51,0,22,1,NULL,3436,0
1645726009,AcceptabilityJudgment,43,0,18,,,,1
1645726009,AcceptabilityJudgment,43,0,18,7,NULL,5154,1
1645726009,AcceptabilityJudgment,48,0,21,,,,0
1645726009,AcceptabilityJudgment,48,0,21,1,NULL,2251,0
1645726009,AcceptabilityJudgment,35,0,14,,,,1
1645726009,AcceptabilityJudgment,35,0,14,7,NULL,4684,1
1645726009,AcceptabilityJudgment,44,0,19,,,,0
1645726009,AcceptabilityJudgment,44,0,19,1,NULL,3155,0
1645728395,AcceptabilityJudgment,44,0,19,,,,0
1645728395,AcceptabilityJudgment,44,0,19,1,NULL,7274,0
1645728395,AcceptabilityJudgment,35,0,14,,,,1
1645728395,AcceptabilityJudgment,35,0,14,7,NULL,78707,1
1645728395,AcceptabilityJudgment,55,0,24,,,,0
1645728395,AcceptabilityJudgment,55,0,24,1,NULL,13187,0
1645728395,AcceptabilityJudgment,40,0,17,,,,1
1645728395,AcceptabilityJudgment,40,0,17,7,NULL,17016,1
1645728395,AcceptabilityJudgment,48,0,21,,,,0
1645728395,AcceptabilityJudgment,48,0,21,2,NULL,10523,0
1645728395,AcceptabilityJudgment,32,0,13,,,,1
1645728395,AcceptabilityJudgment,32,0,13,7,NULL,7523,1
1645728395,AcceptabilityJudgment,51,0,22,,,,0
1645728395,AcceptabilityJudgment,51,0,22,1,NULL,89520,0
1645728395,AcceptabilityJudgment,43,0,18,,,,1
1645728395,AcceptabilityJudgment,43,0,18,7,NULL,16713,1
1645728395,AcceptabilityJudgment,47,0,20,,,,0
1645728395,AcceptabilityJudgment,47,0,20,2,NULL,19731,0
1645728395,AcceptabilityJudgment,39,0,16,,,,1
1645728395,AcceptabilityJudgment,39,0,16,6,NULL,11025,1
1645728395,AcceptabilityJudgment,52,0,23,,,,0
1645728395,AcceptabilityJudgment,52,0,23,1,NULL,10654,0
1645728395,AcceptabilityJudgment,36,0,15,,,,1
1645728395,AcceptabilityJudgment,36,0,15,7,NULL,9506,1
1645774509,AcceptabilityJudgment,32,0,13,,,,1
1645774509,AcceptabilityJudgment,32,0,13,7,NULL,5832,1
1645774509,AcceptabilityJudgment,47,0,20,,,,0
1645774509,AcceptabilityJudgment,47,0,20,1,NULL,6305,0
1645774509,AcceptabilityJudgment,36,0,15,,,,1
1645774509,AcceptabilityJudgment,36,0,15,7,NULL,18233,1
1645774509,AcceptabilityJudgment,48,0,21,,,,0
1645774509,AcceptabilityJudgment,48,0,21,1,NULL,5530,0
1645774509,AcceptabilityJudgment,43,0,18,,,,1
1645774509,AcceptabilityJudgment,43,0,18,7,NULL,8925,1
1645774509,AcceptabilityJudgment,44,0,19,,,,0
1645774509,AcceptabilityJudgment,44,0,19,1,NULL,3085,0
1645774509,AcceptabilityJudgment,35,0,14,,,,1
1645774509,AcceptabilityJudgment,35,0,14,7,NULL,13482,1
1645774509,AcceptabilityJudgment,55,0,24,,,,0
1645774509,AcceptabilityJudgment,55,0,24,1,NULL,10801,0
1645774509,AcceptabilityJudgment,40,0,17,,,,1
1645774509,AcceptabilityJudgment,40,0,17,6,NULL,15425,1
1645774509,AcceptabilityJudgment,52,0,23,,,,0
1645774509,AcceptabilityJudgment,52,0,23,1,NULL,6907,0
1645774509,AcceptabilityJudgment,39,0,16,,,,1
1645774509,AcceptabilityJudgment,39,0,16,7,NULL,27226,1
1645774509,AcceptabilityJudgment,51,0,22,,,,0
1645774509,AcceptabilityJudgment,51,0,22,2,NULL,9701,0
1645775040,AcceptabilityJudgment,36,0,15,,,,1
1645775040,AcceptabilityJudgment,36,0,15,5,NULL,17950,1
1645775040,AcceptabilityJudgment,52,0,23,,,,0
1645775040,AcceptabilityJudgment,52,0,23,1,NULL,16832,0
1645775040,AcceptabilityJudgment,32,0,13,,,,1
1645775040,AcceptabilityJudgment,32,0,13,6,NULL,9230,1
1645775040,AcceptabilityJudgment,48,0,21,,,,0
1645775040,AcceptabilityJudgment,48,0,21,1,NULL,8261,0
1645775040,AcceptabilityJudgment,39,0,16,,,,1
1645775040,AcceptabilityJudgment,39,0,16,7,NULL,13164,1
1645775040,AcceptabilityJudgment,44,0,19,,,,0
1645775040,AcceptabilityJudgment,44,0,19,1,NULL,3775,0
1645775040,AcceptabilityJudgment,43,0,18,,,,1
1645775040,AcceptabilityJudgment,43,0,18,7,NULL,9097,1
1645775040,AcceptabilityJudgment,55,0,24,,,,0
1645775040,AcceptabilityJudgment,55,0,24,1,NULL,8354,0
1645775040,AcceptabilityJudgment,40,0,17,,,,1
1645775040,AcceptabilityJudgment,40,0,17,3,NULL,8649,1
1645775040,AcceptabilityJudgment,51,0,22,,,,0
1645775040,AcceptabilityJudgment,51,0,22,1,NULL,5475,0
1645775040,AcceptabilityJudgment,35,0,14,,,,1
1645775040,AcceptabilityJudgment,35,0,14,4,NULL,27519,1
1645775040,AcceptabilityJudgment,47,0,20,,,,0
1645775040,AcceptabilityJudgment,47,0,20,1,NULL,9839,0
1645775700,AcceptabilityJudgment,40,0,17,,,,1
1645775700,AcceptabilityJudgment,40,0,17,5,NULL,18715,1
1645775700,AcceptabilityJudgment,51,0,22,,,,0
1645775700,AcceptabilityJudgment,51,0,22,2,NULL,11978,0
1645775700,AcceptabilityJudgment,39,0,16,,,,1
1645775700,AcceptabilityJudgment,39,0,16,7,NULL,13577,1
1645775700,AcceptabilityJudgment,55,0,24,,,,0
1645775700,AcceptabilityJudgment,55,0,24,2,NULL,11018,0
1645775700,AcceptabilityJudgment,32,0,13,,,,1
1645775700,AcceptabilityJudgment,32,0,13,6,NULL,10414,1
1645775700,AcceptabilityJudgment,52,0,23,,,,0
1645775700,AcceptabilityJudgment,52,0,23,1,NULL,6593,0
1645775700,AcceptabilityJudgment,35,0,14,,,,1
1645775700,AcceptabilityJudgment,35,0,14,5,NULL,11734,1
1645775700,AcceptabilityJudgment,47,0,20,,,,0
1645775700,AcceptabilityJudgment,47,0,20,4,NULL,5858,0
1645775700,AcceptabilityJudgment,43,0,18,,,,1
1645775700,AcceptabilityJudgment,43,0,18,6,NULL,7149,1
1645775700,AcceptabilityJudgment,48,0,21,,,,0
1645775700,AcceptabilityJudgment,48,0,21,3,NULL,6941,0
1645775700,AcceptabilityJudgment,36,0,15,,,,1
1645775700,AcceptabilityJudgment,36,0,15,7,NULL,15462,1
1645775700,AcceptabilityJudgment,44,0,19,,,,0
1645775700,AcceptabilityJudgment,44,0,19,3,NULL,5424,0
1645776225,AcceptabilityJudgment,47,0,20,,,,0
1645776225,AcceptabilityJudgment,47,0,20,1,NULL,5229,0
1645776225,AcceptabilityJudgment,43,0,18,,,,1
1645776225,AcceptabilityJudgment,43,0,18,7,NULL,4152,1
1645776225,AcceptabilityJudgment,48,0,21,,,,0
1645776225,AcceptabilityJudgment,48,0,21,1,NULL,4469,0
1645776225,AcceptabilityJudgment,36,0,15,,,,1
1645776225,AcceptabilityJudgment,36,0,15,7,NULL,5142,1
1645776225,AcceptabilityJudgment,44,0,19,,,,0
1645776225,AcceptabilityJudgment,44,0,19,1,NULL,5500,0
1645776225,AcceptabilityJudgment,32,0,13,,,,1
1645776225,AcceptabilityJudgment,32,0,13,7,NULL,30147,1
1645776225,AcceptabilityJudgment,55,0,24,,,,0
1645776225,AcceptabilityJudgment,55,0,24,1,NULL,4965,0
1645776225,AcceptabilityJudgment,40,0,17,,,,1
1645776225,AcceptabilityJudgment,40,0,17,7,NULL,5243,1
1645776225,AcceptabilityJudgment,51,0,22,,,,0
1645776225,AcceptabilityJudgment,51,0,22,1,NULL,2815,0
1645776225,AcceptabilityJudgment,39,0,16,,,,1
1645776225,AcceptabilityJudgment,39,0,16,7,NULL,5812,1
1645776225,AcceptabilityJudgment,52,0,23,,,,0
1645776225,AcceptabilityJudgment,52,0,23,1,NULL,4582,0
1645776225,AcceptabilityJudgment,35,0,14,,,,1
1645776225,AcceptabilityJudgment,35,0,14,7,NULL,4005,1
1645781461,AcceptabilityJudgment,35,0,14,,,,1
1645781461,AcceptabilityJudgment,35,0,14,7,NULL,8964,1
1645781461,AcceptabilityJudgment,52,0,23,,,,0
1645781461,AcceptabilityJudgment,52,0,23,3,NULL,12659,0
1645781461,AcceptabilityJudgment,36,0,15,,,,1
1645781461,AcceptabilityJudgment,36,0,15,7,NULL,7317,1
1645781461,AcceptabilityJudgment,48,0,21,,,,0
1645781461,AcceptabilityJudgment,48,0,21,2,NULL,5859,0
1645781461,AcceptabilityJudgment,39,0,16,,,,1
1645781461,AcceptabilityJudgment,39,0,16,7,NULL,6590,1
1645781461,AcceptabilityJudgment,51,0,22,,,,0
1645781461,AcceptabilityJudgment,51,0,22,1,NULL,8138,0
1645781461,AcceptabilityJudgment,32,0,13,,,,1
1645781461,AcceptabilityJudgment,32,0,13,7,NULL,13591,1
1645781461,AcceptabilityJudgment,47,0,20,,,,0
1645781461,AcceptabilityJudgment,47,0,20,2,NULL,6413,0
1645781461,AcceptabilityJudgment,43,0,18,,,,1
1645781461,AcceptabilityJudgment,43,0,18,7,NULL,5676,1
1645781461,AcceptabilityJudgment,55,0,24,,,,0
1645781461,AcceptabilityJudgment,55,0,24,2,NULL,6894,0
1645781461,AcceptabilityJudgment,40,0,17,,,,1
1645781461,AcceptabilityJudgment,40,0,17,7,NULL,7184,1
1645781461,AcceptabilityJudgment,44,0,19,,,,0
1645781461,AcceptabilityJudgment,44,0,19,2,NULL,4160,0
1645785067,AcceptabilityJudgment,45,0,19,,,,0
1645785067,AcceptabilityJudgment,45,0,19,1,NULL,4433,0
1645785067,AcceptabilityJudgment,41,0,17,,,,1
1645785067,AcceptabilityJudgment,41,0,17,7,NULL,4822,1
1645785067,AcceptabilityJudgment,53,0,23,,,,0
1645785067,AcceptabilityJudgment,53,0,23,1,NULL,5021,0
1645785067,AcceptabilityJudgment,42,0,18,,,,1
1645785067,AcceptabilityJudgment,42,0,18,7,NULL,9169,1
1645785067,AcceptabilityJudgment,46,0,20,,,,0
1645785067,AcceptabilityJudgment,46,0,20,1,NULL,3576,0
1645785067,AcceptabilityJudgment,37,0,15,,,,1
1645785067,AcceptabilityJudgment,37,0,15,6,NULL,7813,1
1645785067,AcceptabilityJudgment,54,0,24,,,,0
1645785067,AcceptabilityJudgment,54,0,24,1,NULL,5968,0
1645785067,AcceptabilityJudgment,38,0,16,,,,1
1645785067,AcceptabilityJudgment,38,0,16,7,NULL,7967,1
1645785067,AcceptabilityJudgment,50,0,22,,,,0
1645785067,AcceptabilityJudgment,50,0,22,1,NULL,4360,0
1645785067,AcceptabilityJudgment,33,0,13,,,,1
1645785067,AcceptabilityJudgment,33,0,13,3,NULL,7727,1
1645785067,AcceptabilityJudgment,49,0,21,,,,0
1645785067,AcceptabilityJudgment,49,0,21,1,NULL,2412,0
1645785067,AcceptabilityJudgment,34,0,14,,,,1
1645785067,AcceptabilityJudgment,34,0,14,7,NULL,4213,1
1645789258,AcceptabilityJudgment,46,0,20,,,,0
1645789258,AcceptabilityJudgment,46,0,20,1,NULL,6897,0
1645789258,AcceptabilityJudgment,34,0,14,,,,1
1645789258,AcceptabilityJudgment,34,0,14,6,NULL,13466,1
1645789258,AcceptabilityJudgment,54,0,24,,,,0
1645789258,AcceptabilityJudgment,54,0,24,1,NULL,6402,0
1645789258,AcceptabilityJudgment,42,0,18,,,,1
1645789258,AcceptabilityJudgment,42,0,18,6,NULL,4642,1
1645789258,AcceptabilityJudgment,49,0,21,,,,0
1645789258,AcceptabilityJudgment,49,0,21,3,NULL,8226,0
1645789258,AcceptabilityJudgment,37,0,15,,,,1
1645789258,AcceptabilityJudgment,37,0,15,1,NULL,6563,1
1645789258,AcceptabilityJudgment,50,0,22,,,,0
1645789258,AcceptabilityJudgment,50,0,22,1,NULL,3260,0
1645789258,AcceptabilityJudgment,33,0,13,,,,1
1645789258,AcceptabilityJudgment,33,0,13,3,NULL,8146,1
1645789258,AcceptabilityJudgment,45,0,19,,,,0
1645789258,AcceptabilityJudgment,45,0,19,1,NULL,12794,0
1645789258,AcceptabilityJudgment,38,0,16,,,,1
1645789258,AcceptabilityJudgment,38,0,16,7,NULL,3282,1
1645789258,AcceptabilityJudgment,53,0,23,,,,0
1645789258,AcceptabilityJudgment,53,0,23,2,NULL,9353,0
1645789258,AcceptabilityJudgment,41,0,17,,,,1
1645789258,AcceptabilityJudgment,41,0,17,6,NULL,9947,1
1645801463,AcceptabilityJudgment,42,0,18,,,,1
1645801463,AcceptabilityJudgment,42,0,18,7,NULL,25379,1
1645801463,AcceptabilityJudgment,53,0,23,,,,0
1645801463,AcceptabilityJudgment,53,0,23,1,NULL,9327,0
1645801463,AcceptabilityJudgment,37,0,15,,,,1
1645801463,AcceptabilityJudgment,37,0,15,3,NULL,6262,1
1645801463,AcceptabilityJudgment,45,0,19,,,,0
1645801463,AcceptabilityJudgment,45,0,19,1,NULL,9975,0
1645801463,AcceptabilityJudgment,41,0,17,,,,1
1645801463,AcceptabilityJudgment,41,0,17,7,NULL,9487,1
1645801463,AcceptabilityJudgment,54,0,24,,,,0
1645801463,AcceptabilityJudgment,54,0,24,1,NULL,8538,0
1645801463,AcceptabilityJudgment,33,0,13,,,,1
1645801463,AcceptabilityJudgment,33,0,13,7,NULL,10217,1
1645801463,AcceptabilityJudgment,49,0,21,,,,0
1645801463,AcceptabilityJudgment,49,0,21,1,NULL,8680,0
1645801463,AcceptabilityJudgment,34,0,14,,,,1
1645801463,AcceptabilityJudgment,34,0,14,5,NULL,7061,1
1645801463,AcceptabilityJudgment,50,0,22,,,,0
1645801463,AcceptabilityJudgment,50,0,22,2,NULL,7596,0
1645801463,AcceptabilityJudgment,38,0,16,,,,1
1645801463,AcceptabilityJudgment,38,0,16,7,NULL,7013,1
1645801463,AcceptabilityJudgment,46,0,20,,,,0
1645801463,AcceptabilityJudgment,46,0,20,1,NULL,7441,0
1645877960,AcceptabilityJudgment,50,0,22,,,,0
1645877960,AcceptabilityJudgment,50,0,22,2,NULL,5876,0
1645877960,AcceptabilityJudgment,42,0,18,,,,1
1645877960,AcceptabilityJudgment,42,0,18,7,NULL,6339,1
1645877960,AcceptabilityJudgment,49,0,21,,,,0
1645877960,AcceptabilityJudgment,49,0,21,1,NULL,8269,0
1645877960,AcceptabilityJudgment,34,0,14,,,,1
1645877960,AcceptabilityJudgment,34,0,14,3,NULL,8824,1
1645877960,AcceptabilityJudgment,46,0,20,,,,0
1645877960,AcceptabilityJudgment,46,0,20,1,NULL,6561,0
1645877960,AcceptabilityJudgment,37,0,15,,,,1
1645877960,AcceptabilityJudgment,37,0,15,4,NULL,7232,1
1645877960,AcceptabilityJudgment,45,0,19,,,,0
1645877960,AcceptabilityJudgment,45,0,19,1,NULL,8245,0
1645877960,AcceptabilityJudgment,38,0,16,,,,1
1645877960,AcceptabilityJudgment,38,0,16,7,NULL,6851,1
1645877960,AcceptabilityJudgment,54,0,24,,,,0
1645877960,AcceptabilityJudgment,54,0,24,2,NULL,5910,0
1645877960,AcceptabilityJudgment,41,0,17,,,,1
1645877960,AcceptabilityJudgment,41,0,17,7,NULL,7093,1
1645877960,AcceptabilityJudgment,53,0,23,,,,0
1645877960,AcceptabilityJudgment,53,0,23,7,NULL,6444,0
1645877960,AcceptabilityJudgment,33,0,13,,,,1
1645877960,AcceptabilityJudgment,33,0,13,7,NULL,7207,1
1645879063,AcceptabilityJudgment,55,0,24,,,,0
1645879063,AcceptabilityJudgment,55,0,24,1,NULL,6837,0
1645879063,AcceptabilityJudgment,32,0,13,,,,1
1645879063,AcceptabilityJudgment,32,0,13,6,NULL,7318,1
1645879063,AcceptabilityJudgment,52,0,23,,,,0
1645879063,AcceptabilityJudgment,52,0,23,1,NULL,5422,0
1645879063,AcceptabilityJudgment,40,0,17,,,,1
1645879063,AcceptabilityJudgment,40,0,17,7,NULL,10341,1
1645879063,AcceptabilityJudgment,44,0,19,,,,0
1645879063,AcceptabilityJudgment,44,0,19,1,NULL,3097,0
1645879063,AcceptabilityJudgment,35,0,14,,,,1
1645879063,AcceptabilityJudgment,35,0,14,1,NULL,6637,1
1645879063,AcceptabilityJudgment,51,0,22,,,,0
1645879063,AcceptabilityJudgment,51,0,22,1,NULL,5687,0
1645879063,AcceptabilityJudgment,39,0,16,,,,1
1645879063,AcceptabilityJudgment,39,0,16,5,NULL,12094,1
1645879063,AcceptabilityJudgment,47,0,20,,,,0
1645879063,AcceptabilityJudgment,47,0,20,1,NULL,3586,0
1645879063,AcceptabilityJudgment,36,0,15,,,,1
1645879063,AcceptabilityJudgment,36,0,15,7,NULL,6944,1
1645879063,AcceptabilityJudgment,48,0,21,,,,0
1645879063,AcceptabilityJudgment,48,0,21,1,NULL,2906,0
1645879063,AcceptabilityJudgment,43,0,18,,,,1
1645879063,AcceptabilityJudgment,43,0,18,7,NULL,5922,1
1645879491,AcceptabilityJudgment,34,0,14,,,,1
1645879491,AcceptabilityJudgment,34,0,14,4,NULL,23009,1
1645879491,AcceptabilityJudgment,54,0,24,,,,0
1645879491,AcceptabilityJudgment,54,0,24,4,NULL,15822,0
1645879491,AcceptabilityJudgment,41,0,17,,,,1
1645879491,AcceptabilityJudgment,41,0,17,4,NULL,9986,1
1645879491,AcceptabilityJudgment,45,0,19,,,,0
1645879491,AcceptabilityJudgment,45,0,19,1,NULL,6637,0
1645879491,AcceptabilityJudgment,42,0,18,,,,1
1645879491,AcceptabilityJudgment,42,0,18,4,NULL,9652,1
1645879491,AcceptabilityJudgment,50,0,22,,,,0
1645879491,AcceptabilityJudgment,50,0,22,1,NULL,5253,0
1645879491,AcceptabilityJudgment,38,0,16,,,,1
1645879491,AcceptabilityJudgment,38,0,16,7,NULL,4983,1
1645879491,AcceptabilityJudgment,53,0,23,,,,0
1645879491,AcceptabilityJudgment,53,0,23,7,NULL,8277,0
1645879491,AcceptabilityJudgment,33,0,13,,,,1
1645879491,AcceptabilityJudgment,33,0,13,4,NULL,6273,1
1645879491,AcceptabilityJudgment,49,0,21,,,,0
1645879491,AcceptabilityJudgment,49,0,21,1,NULL,13584,0
1645879491,AcceptabilityJudgment,37,0,15,,,,1
1645879491,AcceptabilityJudgment,37,0,15,4,NULL,8496,1
1645879491,AcceptabilityJudgment,46,0,20,,,,0
1645879491,AcceptabilityJudgment,46,0,20,7,NULL,10161,0
1645879733,AcceptabilityJudgment,40,0,17,,,,1
1645879733,AcceptabilityJudgment,40,0,17,6,NULL,45776,1
1645879733,AcceptabilityJudgment,55,0,24,,,,0
1645879733,AcceptabilityJudgment,55,0,24,1,NULL,14978,0
1645879733,AcceptabilityJudgment,43,0,18,,,,1
1645879733,AcceptabilityJudgment,43,0,18,7,NULL,11020,1
1645879733,AcceptabilityJudgment,47,0,20,,,,0
1645879733,AcceptabilityJudgment,47,0,20,1,NULL,11194,0
1645879733,AcceptabilityJudgment,35,0,14,,,,1
1645879733,AcceptabilityJudgment,35,0,14,3,NULL,20897,1
1645879733,AcceptabilityJudgment,52,0,23,,,,0
1645879733,AcceptabilityJudgment,52,0,23,1,NULL,21411,0
1645879733,AcceptabilityJudgment,32,0,13,,,,1
1645879733,AcceptabilityJudgment,32,0,13,7,NULL,9833,1
1645879733,AcceptabilityJudgment,51,0,22,,,,0
1645879733,AcceptabilityJudgment,51,0,22,1,NULL,18291,0
1645879733,AcceptabilityJudgment,39,0,16,,,,1
1645879733,AcceptabilityJudgment,39,0,16,4,NULL,23347,1
1645879733,AcceptabilityJudgment,44,0,19,,,,0
1645879733,AcceptabilityJudgment,44,0,19,1,NULL,21962,0
1645879733,AcceptabilityJudgment,36,0,15,,,,1
1645879733,AcceptabilityJudgment,36,0,15,4,NULL,30932,1
1645879733,AcceptabilityJudgment,48,0,21,,,,0
1645879733,AcceptabilityJudgment,48,0,21,1,NULL,12120,0
1645880135,AcceptabilityJudgment,39,0,16,,,,1
1645880135,AcceptabilityJudgment,39,0,16,1,NULL,15443,1
1645880135,AcceptabilityJudgment,47,0,20,,,,0
1645880135,AcceptabilityJudgment,47,0,20,1,NULL,11021,0
1645880135,AcceptabilityJudgment,40,0,17,,,,1
1645880135,AcceptabilityJudgment,40,0,17,7,NULL,15688,1
1645880135,AcceptabilityJudgment,52,0,23,,,,0
1645880135,AcceptabilityJudgment,52,0,23,1,NULL,9723,0
1645880135,AcceptabilityJudgment,35,0,14,,,,1
1645880135,AcceptabilityJudgment,35,0,14,7,NULL,6131,1
1645880135,AcceptabilityJudgment,51,0,22,,,,0
1645880135,AcceptabilityJudgment,51,0,22,1,NULL,8001,0
1645880135,AcceptabilityJudgment,43,0,18,,,,1
1645880135,AcceptabilityJudgment,43,0,18,7,NULL,10063,1
1645880135,AcceptabilityJudgment,44,0,19,,,,0
1645880135,AcceptabilityJudgment,44,0,19,1,NULL,4791,0
1645880135,AcceptabilityJudgment,36,0,15,,,,1
1645880135,AcceptabilityJudgment,36,0,15,7,NULL,12839,1
1645880135,AcceptabilityJudgment,48,0,21,,,,0
1645880135,AcceptabilityJudgment,48,0,21,1,NULL,8798,0
1645880135,AcceptabilityJudgment,32,0,13,,,,1
1645880135,AcceptabilityJudgment,32,0,13,7,NULL,5213,1
1645880135,AcceptabilityJudgment,55,0,24,,,,0
1645880135,AcceptabilityJudgment,55,0,24,1,NULL,9455,0
1645880906,AcceptabilityJudgment,45,0,19,,,,0
1645880906,AcceptabilityJudgment,45,0,19,1,NULL,9262,0
1645880906,AcceptabilityJudgment,33,0,13,,,,1
1645880906,AcceptabilityJudgment,33,0,13,6,NULL,25692,1
1645880906,AcceptabilityJudgment,54,0,24,,,,0
1645880906,AcceptabilityJudgment,54,0,24,1,NULL,17926,0
1645880906,AcceptabilityJudgment,41,0,17,,,,1
1645880906,AcceptabilityJudgment,41,0,17,6,NULL,12570,1
1645880906,AcceptabilityJudgment,50,0,22,,,,0
1645880906,AcceptabilityJudgment,50,0,22,2,NULL,6672,0
1645880906,AcceptabilityJudgment,42,0,18,,,,1
1645880906,AcceptabilityJudgment,42,0,18,6,NULL,17111,1
1645880906,AcceptabilityJudgment,46,0,20,,,,0
1645880906,AcceptabilityJudgment,46,0,20,1,NULL,9344,0
1645880906,AcceptabilityJudgment,34,0,14,,,,1
1645880906,AcceptabilityJudgment,34,0,14,6,NULL,19045,1
1645880906,AcceptabilityJudgment,53,0,23,,,,0
1645880906,AcceptabilityJudgment,53,0,23,3,NULL,18595,0
1645880906,AcceptabilityJudgment,38,0,16,,,,1
1645880906,AcceptabilityJudgment,38,0,16,6,NULL,6564,1
1645880906,AcceptabilityJudgment,49,0,21,,,,0
1645880906,AcceptabilityJudgment,49,0,21,1,NULL,9223,0
1645880906,AcceptabilityJudgment,37,0,15,,,,1
1645880906,AcceptabilityJudgment,37,0,15,5,NULL,7665,1
1645881991,AcceptabilityJudgment,39,0,16,,,,1
1645881991,AcceptabilityJudgment,39,0,16,7,NULL,21624,1
1645881991,AcceptabilityJudgment,51,0,22,,,,0
1645881991,AcceptabilityJudgment,51,0,22,1,NULL,8739,0
1645881991,AcceptabilityJudgment,36,0,15,,,,1
1645881991,AcceptabilityJudgment,36,0,15,7,NULL,12534,1
1645881991,AcceptabilityJudgment,47,0,20,,,,0
1645881991,AcceptabilityJudgment,47,0,20,1,NULL,8634,0
1645881991,AcceptabilityJudgment,35,0,14,,,,1
1645881991,AcceptabilityJudgment,35,0,14,6,NULL,12513,1
1645881991,AcceptabilityJudgment,52,0,23,,,,0
1645881991,AcceptabilityJudgment,52,0,23,1,NULL,7635,0
1645881991,AcceptabilityJudgment,32,0,13,,,,1
1645881991,AcceptabilityJudgment,32,0,13,7,NULL,7448,1
1645881991,AcceptabilityJudgment,44,0,19,,,,0
1645881991,AcceptabilityJudgment,44,0,19,3,NULL,7497,0
1645881991,AcceptabilityJudgment,40,0,17,,,,1
1645881991,AcceptabilityJudgment,40,0,17,7,NULL,23055,1
1645881991,AcceptabilityJudgment,55,0,24,,,,0
1645881991,AcceptabilityJudgment,55,0,24,3,NULL,6810,0
1645881991,AcceptabilityJudgment,43,0,18,,,,1
1645881991,AcceptabilityJudgment,43,0,18,7,NULL,11488,1
1645881991,AcceptabilityJudgment,48,0,21,,,,0
1645881991,AcceptabilityJudgment,48,0,21,4,NULL,7336,0
1645884955,AcceptabilityJudgment,46,0,20,,,,0
1645884955,AcceptabilityJudgment,46,0,20,1,NULL,5520,0
1645884955,AcceptabilityJudgment,38,0,16,,,,1
1645884955,AcceptabilityJudgment,38,0,16,6,NULL,8147,1
1645884955,AcceptabilityJudgment,45,0,19,,,,0
1645884955,AcceptabilityJudgment,45,0,19,2,NULL,4444,0
1645884955,AcceptabilityJudgment,42,0,18,,,,1
1645884955,AcceptabilityJudgment,42,0,18,6,NULL,10595,1
1645884955,AcceptabilityJudgment,53,0,23,,,,0
1645884955,AcceptabilityJudgment,53,0,23,1,NULL,13418,0
1645884955,AcceptabilityJudgment,41,0,17,,,,1
1645884955,AcceptabilityJudgment,41,0,17,5,NULL,9536,1
1645884955,AcceptabilityJudgment,54,0,24,,,,0
1645884955,AcceptabilityJudgment,54,0,24,1,NULL,7797,0
1645884955,AcceptabilityJudgment,34,0,14,,,,1
1645884955,AcceptabilityJudgment,34,0,14,6,NULL,8519,1
1645884955,AcceptabilityJudgment,50,0,22,,,,0
1645884955,AcceptabilityJudgment,50,0,22,1,NULL,4162,0
1645884955,AcceptabilityJudgment,33,0,13,,,,1
1645884955,AcceptabilityJudgment,33,0,13,7,NULL,9060,1
1645884955,AcceptabilityJudgment,49,0,21,,,,0
1645884955,AcceptabilityJudgment,49,0,21,1,NULL,6343,0
1645884955,AcceptabilityJudgment,37,0,15,,,,1
1645884955,AcceptabilityJudgment,37,0,15,3,NULL,4275,1
1645885665,AcceptabilityJudgment,54,0,24,,,,0
1645885665,AcceptabilityJudgment,54,0,24,2,NULL,20669,0
1645885665,AcceptabilityJudgment,37,0,15,,,,1
1645885665,AcceptabilityJudgment,37,0,15,3,NULL,7634,1
1645885665,AcceptabilityJudgment,46,0,20,,,,0
1645885665,AcceptabilityJudgment,46,0,20,1,NULL,9137,0
1645885665,AcceptabilityJudgment,41,0,17,,,,1
1645885665,AcceptabilityJudgment,41,0,17,7,NULL,8137,1
1645885665,AcceptabilityJudgment,49,0,21,,,,0
1645885665,AcceptabilityJudgment,49,0,21,1,NULL,19280,0
1645885665,AcceptabilityJudgment,38,0,16,,,,1
1645885665,AcceptabilityJudgment,38,0,16,7,NULL,5294,1
1645885665,AcceptabilityJudgment,45,0,19,,,,0
1645885665,AcceptabilityJudgment,45,0,19,2,NULL,6668,0
1645885665,AcceptabilityJudgment,42,0,18,,,,1
1645885665,AcceptabilityJudgment,42,0,18,4,NULL,7403,1
1645885665,AcceptabilityJudgment,53,0,23,,,,0
1645885665,AcceptabilityJudgment,53,0,23,1,NULL,12468,0
1645885665,AcceptabilityJudgment,33,0,13,,,,1
1645885665,AcceptabilityJudgment,33,0,13,7,NULL,28680,1
1645885665,AcceptabilityJudgment,50,0,22,,,,0
1645885665,AcceptabilityJudgment,50,0,22,3,NULL,11120,0
1645885665,AcceptabilityJudgment,34,0,14,,,,1
1645885665,AcceptabilityJudgment,34,0,14,7,NULL,107012,1
1645886993,AcceptabilityJudgment,52,0,23,,,,0
1645886993,AcceptabilityJudgment,52,0,23,1,NULL,28210,0
1645886993,AcceptabilityJudgment,35,0,14,,,,1
1645886993,AcceptabilityJudgment,35,0,14,7,NULL,5522,1
1645886993,AcceptabilityJudgment,44,0,19,,,,0
1645886993,AcceptabilityJudgment,44,0,19,7,NULL,22455,0
1645886993,AcceptabilityJudgment,32,0,13,,,,1
1645886993,AcceptabilityJudgment,32,0,13,7,NULL,4719,1
1645886993,AcceptabilityJudgment,47,0,20,,,,0
1645886993,AcceptabilityJudgment,47,0,20,7,NULL,22967,0
1645886993,AcceptabilityJudgment,43,0,18,,,,1
1645886993,AcceptabilityJudgment,43,0,18,7,NULL,13548,1
1645886993,AcceptabilityJudgment,51,0,22,,,,0
1645886993,AcceptabilityJudgment,51,0,22,1,NULL,22796,0
1645886993,AcceptabilityJudgment,39,0,16,,,,1
1645886993,AcceptabilityJudgment,39,0,16,1,NULL,13357,1
1645886993,AcceptabilityJudgment,55,0,24,,,,0
1645886993,AcceptabilityJudgment,55,0,24,1,NULL,9394,0
1645886993,AcceptabilityJudgment,36,0,15,,,,1
1645886993,AcceptabilityJudgment,36,0,15,7,NULL,16141,1
1645886993,AcceptabilityJudgment,48,0,21,,,,0
1645886993,AcceptabilityJudgment,48,0,21,1,NULL,4858,0
1645886993,AcceptabilityJudgment,40,0,17,,,,1
1645886993,AcceptabilityJudgment,40,0,17,5,NULL,19597,1
1645887585,AcceptabilityJudgment,43,0,18,,,,1
1645887585,AcceptabilityJudgment,43,0,18,1,NULL,2429,1
1645887585,AcceptabilityJudgment,51,0,22,,,,0
1645887585,AcceptabilityJudgment,51,0,22,1,NULL,9183,0
1645887585,AcceptabilityJudgment,32,0,13,,,,1
1645887585,AcceptabilityJudgment,32,0,13,7,NULL,6835,1
1645887585,AcceptabilityJudgment,55,0,24,,,,0
1645887585,AcceptabilityJudgment,55,0,24,1,NULL,9975,0
1645887585,AcceptabilityJudgment,35,0,14,,,,1
1645887585,AcceptabilityJudgment,35,0,14,7,NULL,5122,1
1645887585,AcceptabilityJudgment,47,0,20,,,,0
1645887585,AcceptabilityJudgment,47,0,20,1,NULL,11120,0
1645887585,AcceptabilityJudgment,36,0,15,,,,1
1645887585,AcceptabilityJudgment,36,0,15,7,NULL,17261,1
1645887585,AcceptabilityJudgment,48,0,21,,,,0
1645887585,AcceptabilityJudgment,48,0,21,3,NULL,7199,0
1645887585,AcceptabilityJudgment,39,0,16,,,,1
1645887585,AcceptabilityJudgment,39,0,16,3,NULL,11412,1
1645887585,AcceptabilityJudgment,44,0,19,,,,0
1645887585,AcceptabilityJudgment,44,0,19,4,NULL,8256,0
1645887585,AcceptabilityJudgment,40,0,17,,,,1
1645887585,AcceptabilityJudgment,40,0,17,5,NULL,19969,1
1645887585,AcceptabilityJudgment,52,0,23,,,,0
1645887585,AcceptabilityJudgment,52,0,23,1,NULL,15484,0
1645887807,AcceptabilityJudgment,52,0,23,,,,0
1645887807,AcceptabilityJudgment,52,0,23,1,NULL,14523,0
1645887807,AcceptabilityJudgment,32,0,13,,,,1
1645887807,AcceptabilityJudgment,32,0,13,7,NULL,7442,1
1645887807,AcceptabilityJudgment,44,0,19,,,,0
1645887807,AcceptabilityJudgment,44,0,19,1,NULL,7489,0
1645887807,AcceptabilityJudgment,36,0,15,,,,1
1645887807,AcceptabilityJudgment,36,0,15,7,NULL,11875,1
1645887807,AcceptabilityJudgment,51,0,22,,,,0
1645887807,AcceptabilityJudgment,51,0,22,1,NULL,10956,0
1645887807,AcceptabilityJudgment,35,0,14,,,,1
1645887807,AcceptabilityJudgment,35,0,14,7,NULL,7833,1
1645887807,AcceptabilityJudgment,47,0,20,,,,0
1645887807,AcceptabilityJudgment,47,0,20,1,NULL,8673,0
1645887807,AcceptabilityJudgment,43,0,18,,,,1
1645887807,AcceptabilityJudgment,43,0,18,7,NULL,7650,1
1645887807,AcceptabilityJudgment,48,0,21,,,,0
1645887807,AcceptabilityJudgment,48,0,21,1,NULL,6987,0
1645887807,AcceptabilityJudgment,40,0,17,,,,1
1645887807,AcceptabilityJudgment,40,0,17,7,NULL,14100,1
1645887807,AcceptabilityJudgment,55,0,24,,,,0
1645887807,AcceptabilityJudgment,55,0,24,2,NULL,12384,0
1645887807,AcceptabilityJudgment,39,0,16,,,,1
1645887807,AcceptabilityJudgment,39,0,16,7,NULL,10606,1
1645888192,AcceptabilityJudgment,38,0,16,,,,1
1645888192,AcceptabilityJudgment,38,0,16,7,NULL,18741,1
1645888192,AcceptabilityJudgment,53,0,23,,,,0
1645888192,AcceptabilityJudgment,53,0,23,1,NULL,13320,0
1645888192,AcceptabilityJudgment,42,0,18,,,,1
1645888192,AcceptabilityJudgment,42,0,18,5,NULL,26701,1
1645888192,AcceptabilityJudgment,50,0,22,,,,0
1645888192,AcceptabilityJudgment,50,0,22,1,NULL,9425,0
1645888192,AcceptabilityJudgment,33,0,13,,,,1
1645888192,AcceptabilityJudgment,33,0,13,6,NULL,23066,1
1645888192,AcceptabilityJudgment,45,0,19,,,,0
1645888192,AcceptabilityJudgment,45,0,19,1,NULL,9835,0
1645888192,AcceptabilityJudgment,41,0,17,,,,1
1645888192,AcceptabilityJudgment,41,0,17,5,NULL,7646,1
1645888192,AcceptabilityJudgment,46,0,20,,,,0
1645888192,AcceptabilityJudgment,46,0,20,1,NULL,8834,0
1645888192,AcceptabilityJudgment,37,0,15,,,,1
1645888192,AcceptabilityJudgment,37,0,15,3,NULL,7499,1
1645888192,AcceptabilityJudgment,49,0,21,,,,0
1645888192,AcceptabilityJudgment,49,0,21,1,NULL,5887,0
1645888192,AcceptabilityJudgment,34,0,14,,,,1
1645888192,AcceptabilityJudgment,34,0,14,7,NULL,6308,1
1645888192,AcceptabilityJudgment,54,0,24,,,,0
1645888192,AcceptabilityJudgment,54,0,24,1,NULL,9979,0
1645890544,AcceptabilityJudgment,54,0,24,,,,0
1645890544,AcceptabilityJudgment,54,0,24,1,NULL,7040,0
1645890544,AcceptabilityJudgment,37,0,15,,,,1
1645890544,AcceptabilityJudgment,37,0,15,1,NULL,7022,1
1645890544,AcceptabilityJudgment,46,0,20,,,,0
1645890544,AcceptabilityJudgment,46,0,20,1,NULL,10767,0
1645890544,AcceptabilityJudgment,41,0,17,,,,1
1645890544,AcceptabilityJudgment,41,0,17,2,NULL,8692,1
1645890544,AcceptabilityJudgment,45,0,19,,,,0
1645890544,AcceptabilityJudgment,45,0,19,1,NULL,8100,0
1645890544,AcceptabilityJudgment,34,0,14,,,,1
1645890544,AcceptabilityJudgment,34,0,14,1,NULL,9814,1
1645890544,AcceptabilityJudgment,53,0,23,,,,0
1645890544,AcceptabilityJudgment,53,0,23,1,NULL,6783,0
1645890544,AcceptabilityJudgment,33,0,13,,,,1
1645890544,AcceptabilityJudgment,33,0,13,1,NULL,11919,1
1645890544,AcceptabilityJudgment,49,0,21,,,,0
1645890544,AcceptabilityJudgment,49,0,21,1,NULL,6384,0
1645890544,AcceptabilityJudgment,42,0,18,,,,1
1645890544,AcceptabilityJudgment,42,0,18,5,NULL,17987,1
1645890544,AcceptabilityJudgment,50,0,22,,,,0
1645890544,AcceptabilityJudgment,50,0,22,1,NULL,6168,0
1645890544,AcceptabilityJudgment,38,0,16,,,,1
1645890544,AcceptabilityJudgment,38,0,16,7,NULL,9473,1
1645890576,AcceptabilityJudgment,36,0,15,,,,1
1645890576,AcceptabilityJudgment,36,0,15,7,NULL,10368,1
1645890576,AcceptabilityJudgment,48,0,21,,,,0
1645890576,AcceptabilityJudgment,48,0,21,1,NULL,7680,0
1645890576,AcceptabilityJudgment,32,0,13,,,,1
1645890576,AcceptabilityJudgment,32,0,13,7,NULL,5594,1
1645890576,AcceptabilityJudgment,47,0,20,,,,0
1645890576,AcceptabilityJudgment,47,0,20,1,NULL,7848,0
1645890576,AcceptabilityJudgment,43,0,18,,,,1
1645890576,AcceptabilityJudgment,43,0,18,7,NULL,8798,1
1645890576,AcceptabilityJudgment,55,0,24,,,,0
1645890576,AcceptabilityJudgment,55,0,24,1,NULL,7650,0
1645890576,AcceptabilityJudgment,40,0,17,,,,1
1645890576,AcceptabilityJudgment,40,0,17,7,NULL,7066,1
1645890576,AcceptabilityJudgment,51,0,22,,,,0
1645890576,AcceptabilityJudgment,51,0,22,1,NULL,8035,0
1645890576,AcceptabilityJudgment,35,0,14,,,,1
1645890576,AcceptabilityJudgment,35,0,14,7,NULL,7218,1
1645890576,AcceptabilityJudgment,44,0,19,,,,0
1645890576,AcceptabilityJudgment,44,0,19,1,NULL,4437,0
1645890576,AcceptabilityJudgment,39,0,16,,,,1
1645890576,AcceptabilityJudgment,39,0,16,7,NULL,6949,1
1645890576,AcceptabilityJudgment,52,0,23,,,,0
1645890576,AcceptabilityJudgment,52,0,23,1,NULL,7651,0
1645891330,AcceptabilityJudgment,53,0,23,,,,0
1645891330,AcceptabilityJudgment,53,0,23,2,NULL,10031,0
1645891330,AcceptabilityJudgment,34,0,14,,,,1
1645891330,AcceptabilityJudgment,34,0,14,7,NULL,12422,1
1645891330,AcceptabilityJudgment,45,0,19,,,,0
1645891330,AcceptabilityJudgment,45,0,19,1,NULL,7102,0
1645891330,AcceptabilityJudgment,41,0,17,,,,1
1645891330,AcceptabilityJudgment,41,0,17,7,NULL,6701,1
1645891330,AcceptabilityJudgment,46,0,20,,,,0
1645891330,AcceptabilityJudgment,46,0,20,1,NULL,7670,0
1645891330,AcceptabilityJudgment,42,0,18,,,,1
1645891330,AcceptabilityJudgment,42,0,18,5,NULL,11437,1
1645891330,AcceptabilityJudgment,50,0,22,,,,0
1645891330,AcceptabilityJudgment,50,0,22,3,NULL,6312,0
1645891330,AcceptabilityJudgment,33,0,13,,,,1
1645891330,AcceptabilityJudgment,33,0,13,5,NULL,10023,1
1645891330,AcceptabilityJudgment,54,0,24,,,,0
1645891330,AcceptabilityJudgment,54,0,24,3,NULL,12120,0
1645891330,AcceptabilityJudgment,37,0,15,,,,1
1645891330,AcceptabilityJudgment,37,0,15,6,NULL,5494,1
1645891330,AcceptabilityJudgment,49,0,21,,,,0
1645891330,AcceptabilityJudgment,49,0,21,3,NULL,11219,0
1645891330,AcceptabilityJudgment,38,0,16,,,,1
1645891330,AcceptabilityJudgment,38,0,16,7,NULL,4882,1
1645891562,AcceptabilityJudgment,55,0,24,,,,0
1645891562,AcceptabilityJudgment,55,0,24,1,NULL,21236,0
1645891562,AcceptabilityJudgment,43,0,18,,,,1
1645891562,AcceptabilityJudgment,43,0,18,7,NULL,25759,1
1645891562,AcceptabilityJudgment,52,0,23,,,,0
1645891562,AcceptabilityJudgment,52,0,23,1,NULL,19481,0
1645891562,AcceptabilityJudgment,35,0,14,,,,1
1645891562,AcceptabilityJudgment,35,0,14,7,NULL,16051,1
1645891562,AcceptabilityJudgment,48,0,21,,,,0
1645891562,AcceptabilityJudgment,48,0,21,1,NULL,11270,0
1645891562,AcceptabilityJudgment,40,0,17,,,,1
1645891562,AcceptabilityJudgment,40,0,17,7,NULL,19967,1
1645891562,AcceptabilityJudgment,51,0,22,,,,0
1645891562,AcceptabilityJudgment,51,0,22,1,NULL,11290,0
1645891562,AcceptabilityJudgment,39,0,16,,,,1
1645891562,AcceptabilityJudgment,39,0,16,2,NULL,18579,1
1645891562,AcceptabilityJudgment,44,0,19,,,,0
1645891562,AcceptabilityJudgment,44,0,19,1,NULL,6836,0
1645891562,AcceptabilityJudgment,36,0,15,,,,1
1645891562,AcceptabilityJudgment,36,0,15,7,NULL,21501,1
1645891562,AcceptabilityJudgment,47,0,20,,,,0
1645891562,AcceptabilityJudgment,47,0,20,1,NULL,14754,0
1645891562,AcceptabilityJudgment,32,0,13,,,,1
1645891562,AcceptabilityJudgment,32,0,13,7,NULL,6838,1
1645891671,AcceptabilityJudgment,54,0,24,,,,0
1645891671,AcceptabilityJudgment,54,0,24,1,NULL,10481,0
1645891671,AcceptabilityJudgment,37,0,15,,,,1
1645891671,AcceptabilityJudgment,37,0,15,7,NULL,16337,1
1645891671,AcceptabilityJudgment,46,0,20,,,,0
1645891671,AcceptabilityJudgment,46,0,20,1,NULL,10471,0
1645891671,AcceptabilityJudgment,34,0,14,,,,1
1645891671,AcceptabilityJudgment,34,0,14,7,NULL,34047,1
1645891671,AcceptabilityJudgment,49,0,21,,,,0
1645891671,AcceptabilityJudgment,49,0,21,1,NULL,9958,0
1645891671,AcceptabilityJudgment,38,0,16,,,,1
1645891671,AcceptabilityJudgment,38,0,16,7,NULL,6482,1
1645891671,AcceptabilityJudgment,53,0,23,,,,0
1645891671,AcceptabilityJudgment,53,0,23,1,NULL,36466,0
1645891671,AcceptabilityJudgment,41,0,17,,,,1
1645891671,AcceptabilityJudgment,41,0,17,4,NULL,35887,1
1645891671,AcceptabilityJudgment,50,0,22,,,,0
1645891671,AcceptabilityJudgment,50,0,22,1,NULL,13797,0
1645891671,AcceptabilityJudgment,42,0,18,,,,1
1645891671,AcceptabilityJudgment,42,0,18,6,NULL,32649,1
1645891671,AcceptabilityJudgment,45,0,19,,,,0
1645891671,AcceptabilityJudgment,45,0,19,1,NULL,6109,0
1645891671,AcceptabilityJudgment,33,0,13,,,,1
1645891671,AcceptabilityJudgment,33,0,13,6,NULL,35163,1
1645892011,AcceptabilityJudgment,41,0,17,,,,1
1645892011,AcceptabilityJudgment,41,0,17,3,NULL,23263,1
1645892011,AcceptabilityJudgment,46,0,20,,,,0
1645892011,AcceptabilityJudgment,46,0,20,2,NULL,19338,0
1645892011,AcceptabilityJudgment,34,0,14,,,,1
1645892011,AcceptabilityJudgment,34,0,14,4,NULL,15630,1
1645892011,AcceptabilityJudgment,49,0,21,,,,0
1645892011,AcceptabilityJudgment,49,0,21,2,NULL,11273,0
1645892011,AcceptabilityJudgment,38,0,16,,,,1
1645892011,AcceptabilityJudgment,38,0,16,5,NULL,9962,1
1645892011,AcceptabilityJudgment,45,0,19,,,,0
1645892011,AcceptabilityJudgment,45,0,19,2,NULL,10734,0
1645892011,AcceptabilityJudgment,33,0,13,,,,1
1645892011,AcceptabilityJudgment,33,0,13,4,NULL,15010,1
1645892011,AcceptabilityJudgment,53,0,23,,,,0
1645892011,AcceptabilityJudgment,53,0,23,2,NULL,9239,0
1645892011,AcceptabilityJudgment,42,0,18,,,,1
1645892011,AcceptabilityJudgment,42,0,18,5,NULL,9098,1
1645892011,AcceptabilityJudgment,54,0,24,,,,0
1645892011,AcceptabilityJudgment,54,0,24,4,NULL,7988,0
1645892011,AcceptabilityJudgment,37,0,15,,,,1
1645892011,AcceptabilityJudgment,37,0,15,3,NULL,6621,1
1645892011,AcceptabilityJudgment,50,0,22,,,,0
1645892011,AcceptabilityJudgment,50,0,22,2,NULL,8115,0
1645892237,AcceptabilityJudgment,40,0,17,,,,1
1645892237,AcceptabilityJudgment,40,0,17,7,NULL,13706,1
1645892237,AcceptabilityJudgment,44,0,19,,,,0
1645892237,AcceptabilityJudgment,44,0,19,1,NULL,5216,0
1645892237,AcceptabilityJudgment,39,0,16,,,,1
1645892237,AcceptabilityJudgment,39,0,16,3,NULL,20059,1
1645892237,AcceptabilityJudgment,52,0,23,,,,0
1645892237,AcceptabilityJudgment,52,0,23,1,NULL,18031,0
1645892237,AcceptabilityJudgment,43,0,18,,,,1
1645892237,AcceptabilityJudgment,43,0,18,7,NULL,14936,1
1645892237,AcceptabilityJudgment,47,0,20,,,,0
1645892237,AcceptabilityJudgment,47,0,20,2,NULL,17271,0
1645892237,AcceptabilityJudgment,36,0,15,,,,1
1645892237,AcceptabilityJudgment,36,0,15,7,NULL,11628,1
1645892237,AcceptabilityJudgment,51,0,22,,,,0
1645892237,AcceptabilityJudgment,51,0,22,1,NULL,7980,0
1645892237,AcceptabilityJudgment,32,0,13,,,,1
1645892237,AcceptabilityJudgment,32,0,13,7,NULL,10975,1
1645892237,AcceptabilityJudgment,55,0,24,,,,0
1645892237,AcceptabilityJudgment,55,0,24,1,NULL,10717,0
1645892237,AcceptabilityJudgment,35,0,14,,,,1
1645892237,AcceptabilityJudgment,35,0,14,2,NULL,7827,1
1645892237,AcceptabilityJudgment,48,0,21,,,,0
1645892237,AcceptabilityJudgment,48,0,21,2,NULL,9296,0
1645892979,AcceptabilityJudgment,42,0,18,,,,1
1645892979,AcceptabilityJudgment,42,0,18,5,NULL,15165,1
1645892979,AcceptabilityJudgment,49,0,21,,,,0
1645892979,AcceptabilityJudgment,49,0,21,1,NULL,7680,0
1645892979,AcceptabilityJudgment,33,0,13,,,,1
1645892979,AcceptabilityJudgment,33,0,13,7,NULL,10292,1
1645892979,AcceptabilityJudgment,45,0,19,,,,0
1645892979,AcceptabilityJudgment,45,0,19,1,NULL,5766,0
1645892979,AcceptabilityJudgment,37,0,15,,,,1
1645892979,AcceptabilityJudgment,37,0,15,5,NULL,11202,1
1645892979,AcceptabilityJudgment,53,0,23,,,,0
1645892979,AcceptabilityJudgment,53,0,23,2,NULL,12005,0
1645892979,AcceptabilityJudgment,34,0,14,,,,1
1645892979,AcceptabilityJudgment,34,0,14,7,NULL,8615,1
1645892979,AcceptabilityJudgment,50,0,22,,,,0
1645892979,AcceptabilityJudgment,50,0,22,2,NULL,5359,0
1645892979,AcceptabilityJudgment,38,0,16,,,,1
1645892979,AcceptabilityJudgment,38,0,16,6,NULL,6005,1
1645892979,AcceptabilityJudgment,54,0,24,,,,0
1645892979,AcceptabilityJudgment,54,0,24,2,NULL,8642,0
1645892979,AcceptabilityJudgment,41,0,17,,,,1
1645892979,AcceptabilityJudgment,41,0,17,6,NULL,6163,1
1645892979,AcceptabilityJudgment,46,0,20,,,,0
1645892979,AcceptabilityJudgment,46,0,20,1,NULL,9577,0
1645895790,AcceptabilityJudgment,55,0,24,,,,0
1645895790,AcceptabilityJudgment,55,0,24,1,NULL,12465,0
1645895790,AcceptabilityJudgment,35,0,14,,,,1
1645895790,AcceptabilityJudgment,35,0,14,7,NULL,22979,1
1645895790,AcceptabilityJudgment,47,0,20,,,,0
1645895790,AcceptabilityJudgment,47,0,20,1,NULL,11206,0
1645895790,AcceptabilityJudgment,43,0,18,,,,1
1645895790,AcceptabilityJudgment,43,0,18,4,NULL,18857,1
1645895790,AcceptabilityJudgment,52,0,23,,,,0
1645895790,AcceptabilityJudgment,52,0,23,1,NULL,12874,0
1645895790,AcceptabilityJudgment,39,0,16,,,,1
1645895790,AcceptabilityJudgment,39,0,16,4,NULL,26819,1
1645895790,AcceptabilityJudgment,48,0,21,,,,0
1645895790,AcceptabilityJudgment,48,0,21,1,NULL,8257,0
1645895790,AcceptabilityJudgment,36,0,15,,,,1
1645895790,AcceptabilityJudgment,36,0,15,7,NULL,29961,1
1645895790,AcceptabilityJudgment,44,0,19,,,,0
1645895790,AcceptabilityJudgment,44,0,19,1,NULL,6944,0
1645895790,AcceptabilityJudgment,32,0,13,,,,1
1645895790,AcceptabilityJudgment,32,0,13,7,NULL,41778,1
1645895790,AcceptabilityJudgment,51,0,22,,,,0
1645895790,AcceptabilityJudgment,51,0,22,1,NULL,11952,0
1645895790,AcceptabilityJudgment,40,0,17,,,,1
1645895790,AcceptabilityJudgment,40,0,17,7,NULL,13316,1
1645895864,AcceptabilityJudgment,55,0,24,,,,0
1645895864,AcceptabilityJudgment,55,0,24,1,NULL,16816,0
1645895864,AcceptabilityJudgment,43,0,18,,,,1
1645895864,AcceptabilityJudgment,43,0,18,6,NULL,21663,1
1645895864,AcceptabilityJudgment,48,0,21,,,,0
1645895864,AcceptabilityJudgment,48,0,21,1,NULL,8083,0
1645895864,AcceptabilityJudgment,36,0,15,,,,1
1645895864,AcceptabilityJudgment,36,0,15,6,NULL,19773,1
1645895864,AcceptabilityJudgment,51,0,22,,,,0
1645895864,AcceptabilityJudgment,51,0,22,1,NULL,12687,0
1645895864,AcceptabilityJudgment,39,0,16,,,,1
1645895864,AcceptabilityJudgment,39,0,16,3,NULL,18579,1
1645895864,AcceptabilityJudgment,44,0,19,,,,0
1645895864,AcceptabilityJudgment,44,0,19,1,NULL,7846,0
1645895864,AcceptabilityJudgment,35,0,14,,,,1
1645895864,AcceptabilityJudgment,35,0,14,5,NULL,24856,1
1645895864,AcceptabilityJudgment,52,0,23,,,,0
1645895864,AcceptabilityJudgment,52,0,23,1,NULL,15813,0
1645895864,AcceptabilityJudgment,32,0,13,,,,1
1645895864,AcceptabilityJudgment,32,0,13,7,NULL,8542,1
1645895864,AcceptabilityJudgment,47,0,20,,,,0
1645895864,AcceptabilityJudgment,47,0,20,1,NULL,9873,0
1645895864,AcceptabilityJudgment,40,0,17,,,,1
1645895864,AcceptabilityJudgment,40,0,17,7,NULL,19510,1
1645897034,AcceptabilityJudgment,35,0,14,,,,1
1645897034,AcceptabilityJudgment,35,0,14,6,NULL,7618,1
1645897034,AcceptabilityJudgment,47,0,20,,,,0
1645897034,AcceptabilityJudgment,47,0,20,3,NULL,7485,0
1645897034,AcceptabilityJudgment,39,0,16,,,,1
1645897034,AcceptabilityJudgment,39,0,16,5,NULL,15235,1
1645897034,AcceptabilityJudgment,51,0,22,,,,0
1645897034,AcceptabilityJudgment,51,0,22,3,NULL,20945,0
1645897034,AcceptabilityJudgment,40,0,17,,,,1
1645897034,AcceptabilityJudgment,40,0,17,2,NULL,15277,1
1645897034,AcceptabilityJudgment,48,0,21,,,,0
1645897034,AcceptabilityJudgment,48,0,21,2,NULL,6109,0
1645897034,AcceptabilityJudgment,32,0,13,,,,1
1645897034,AcceptabilityJudgment,32,0,13,4,NULL,5656,1
1645897034,AcceptabilityJudgment,55,0,24,,,,0
1645897034,AcceptabilityJudgment,55,0,24,3,NULL,10883,0
1645897034,AcceptabilityJudgment,43,0,18,,,,1
1645897034,AcceptabilityJudgment,43,0,18,6,NULL,5253,1
1645897034,AcceptabilityJudgment,52,0,23,,,,0
1645897034,AcceptabilityJudgment,52,0,23,3,NULL,12428,0
1645897034,AcceptabilityJudgment,36,0,15,,,,1
1645897034,AcceptabilityJudgment,36,0,15,3,NULL,11422,1
1645897034,AcceptabilityJudgment,44,0,19,,,,0
1645897034,AcceptabilityJudgment,44,0,19,3,NULL,7043,0
1645899763,AcceptabilityJudgment,52,0,23,,,,0
1645899763,AcceptabilityJudgment,52,0,23,1,NULL,13444,0
1645899763,AcceptabilityJudgment,39,0,16,,,,1
1645899763,AcceptabilityJudgment,39,0,16,1,NULL,11690,1
1645899763,AcceptabilityJudgment,48,0,21,,,,0
1645899763,AcceptabilityJudgment,48,0,21,1,NULL,7947,0
1645899763,AcceptabilityJudgment,35,0,14,,,,1
1645899763,AcceptabilityJudgment,35,0,14,7,NULL,5853,1
1645899763,AcceptabilityJudgment,44,0,19,,,,0
1645899763,AcceptabilityJudgment,44,0,19,1,NULL,4744,0
1645899763,AcceptabilityJudgment,36,0,15,,,,1
1645899763,AcceptabilityJudgment,36,0,15,3,NULL,19944,1
1645899763,AcceptabilityJudgment,55,0,24,,,,0
1645899763,AcceptabilityJudgment,55,0,24,1,NULL,10271,0
1645899763,AcceptabilityJudgment,43,0,18,,,,1
1645899763,AcceptabilityJudgment,43,0,18,7,NULL,10042,1
1645899763,AcceptabilityJudgment,51,0,22,,,,0
1645899763,AcceptabilityJudgment,51,0,22,1,NULL,13165,0
1645899763,AcceptabilityJudgment,40,0,17,,,,1
1645899763,AcceptabilityJudgment,40,0,17,7,NULL,17868,1
1645899763,AcceptabilityJudgment,47,0,20,,,,0
1645899763,AcceptabilityJudgment,47,0,20,1,NULL,8250,0
1645899763,AcceptabilityJudgment,32,0,13,,,,1
1645899763,AcceptabilityJudgment,32,0,13,7,NULL,10692,1
1645900498,AcceptabilityJudgment,51,0,22,,,,0
1645900498,AcceptabilityJudgment,51,0,22,6,NULL,28019,0
1645900498,AcceptabilityJudgment,40,0,17,,,,1
1645900498,AcceptabilityJudgment,40,0,17,1,NULL,15808,1
1645900498,AcceptabilityJudgment,44,0,19,,,,0
1645900498,AcceptabilityJudgment,44,0,19,3,NULL,17600,0
1645900498,AcceptabilityJudgment,36,0,15,,,,1
1645900498,AcceptabilityJudgment,36,0,15,7,NULL,14777,1
1645900498,AcceptabilityJudgment,48,0,21,,,,0
1645900498,AcceptabilityJudgment,48,0,21,2,NULL,9429,0
1645900498,AcceptabilityJudgment,32,0,13,,,,1
1645900498,AcceptabilityJudgment,32,0,13,7,NULL,5031,1
1645900498,AcceptabilityJudgment,47,0,20,,,,0
1645900498,AcceptabilityJudgment,47,0,20,4,NULL,16614,0
1645900498,AcceptabilityJudgment,35,0,14,,,,1
1645900498,AcceptabilityJudgment,35,0,14,7,NULL,6001,1
1645900498,AcceptabilityJudgment,52,0,23,,,,0
1645900498,AcceptabilityJudgment,52,0,23,3,NULL,9141,0
1645900498,AcceptabilityJudgment,39,0,16,,,,1
1645900498,AcceptabilityJudgment,39,0,16,6,NULL,22804,1
1645900498,AcceptabilityJudgment,55,0,24,,,,0
1645900498,AcceptabilityJudgment,55,0,24,1,NULL,8078,0
1645900498,AcceptabilityJudgment,43,0,18,,,,1
1645900498,AcceptabilityJudgment,43,0,18,7,NULL,8677,1
1645903934,AcceptabilityJudgment,46,0,20,,,,0
1645903934,AcceptabilityJudgment,46,0,20,1,NULL,11679,0
1645903934,AcceptabilityJudgment,37,0,15,,,,1
1645903934,AcceptabilityJudgment,37,0,15,2,NULL,13789,1
1645903934,AcceptabilityJudgment,45,0,19,,,,0
1645903934,AcceptabilityJudgment,45,0,19,1,NULL,10947,0
1645903934,AcceptabilityJudgment,42,0,18,,,,1
1645903934,AcceptabilityJudgment,42,0,18,3,NULL,20800,1
1645903934,AcceptabilityJudgment,53,0,23,,,,0
1645903934,AcceptabilityJudgment,53,0,23,1,NULL,9358,0
1645903934,AcceptabilityJudgment,38,0,16,,,,1
1645903934,AcceptabilityJudgment,38,0,16,5,NULL,8685,1
1645903934,AcceptabilityJudgment,50,0,22,,,,0
1645903934,AcceptabilityJudgment,50,0,22,2,NULL,10302,0
1645903934,AcceptabilityJudgment,41,0,17,,,,1
1645903934,AcceptabilityJudgment,41,0,17,3,NULL,11598,1
1645903934,AcceptabilityJudgment,49,0,21,,,,0
1645903934,AcceptabilityJudgment,49,0,21,3,NULL,8210,0
1645903934,AcceptabilityJudgment,34,0,14,,,,1
1645903934,AcceptabilityJudgment,34,0,14,6,NULL,10577,1
1645903934,AcceptabilityJudgment,54,0,24,,,,0
1645903934,AcceptabilityJudgment,54,0,24,4,NULL,19401,0
1645903934,AcceptabilityJudgment,33,0,13,,,,1
1645903934,AcceptabilityJudgment,33,0,13,4,NULL,16115,1
1645907840,AcceptabilityJudgment,33,0,13,,,,1
1645907840,AcceptabilityJudgment,33,0,13,4,NULL,8085,1
1645907840,AcceptabilityJudgment,50,0,22,,,,0
1645907840,AcceptabilityJudgment,50,0,22,2,NULL,5080,0
1645907840,AcceptabilityJudgment,42,0,18,,,,1
1645907840,AcceptabilityJudgment,42,0,18,5,NULL,8683,1
1645907840,AcceptabilityJudgment,54,0,24,,,,0
1645907840,AcceptabilityJudgment,54,0,24,6,NULL,6235,0
1645907840,AcceptabilityJudgment,34,0,14,,,,1
1645907840,AcceptabilityJudgment,34,0,14,5,NULL,5398,1
1645907840,AcceptabilityJudgment,53,0,23,,,,0
1645907840,AcceptabilityJudgment,53,0,23,2,NULL,9832,0
1645907840,AcceptabilityJudgment,37,0,15,,,,1
1645907840,AcceptabilityJudgment,37,0,15,2,NULL,5380,1
1645907840,AcceptabilityJudgment,46,0,20,,,,0
1645907840,AcceptabilityJudgment,46,0,20,2,NULL,5810,0
1645907840,AcceptabilityJudgment,38,0,16,,,,1
1645907840,AcceptabilityJudgment,38,0,16,3,NULL,7624,1
1645907840,AcceptabilityJudgment,49,0,21,,,,0
1645907840,AcceptabilityJudgment,49,0,21,2,NULL,6565,0
1645907840,AcceptabilityJudgment,41,0,17,,,,1
1645907840,AcceptabilityJudgment,41,0,17,6,NULL,7082,1
1645907840,AcceptabilityJudgment,45,0,19,,,,0
1645907840,AcceptabilityJudgment,45,0,19,4,NULL,5456,0
1645957988,AcceptabilityJudgment,36,0,15,,,,1
1645957988,AcceptabilityJudgment,36,0,15,6,NULL,10620,1
1645957988,AcceptabilityJudgment,51,0,22,,,,0
1645957988,AcceptabilityJudgment,51,0,22,2,NULL,16176,0
1645957988,AcceptabilityJudgment,40,0,17,,,,1
1645957988,AcceptabilityJudgment,40,0,17,5,NULL,18154,1
1645957988,AcceptabilityJudgment,52,0,23,,,,0
1645957988,AcceptabilityJudgment,52,0,23,1,NULL,17481,0
1645957988,AcceptabilityJudgment,39,0,16,,,,1
1645957988,AcceptabilityJudgment,39,0,16,4,NULL,16565,1
1645957988,AcceptabilityJudgment,48,0,21,,,,0
1645957988,AcceptabilityJudgment,48,0,21,1,NULL,8146,0
1645957988,AcceptabilityJudgment,32,0,13,,,,1
1645957988,AcceptabilityJudgment,32,0,13,7,NULL,6465,1
1645957988,AcceptabilityJudgment,44,0,19,,,,0
1645957988,AcceptabilityJudgment,44,0,19,1,NULL,5884,0
1645957988,AcceptabilityJudgment,35,0,14,,,,1
1645957988,AcceptabilityJudgment,35,0,14,6,NULL,9980,1
1645957988,AcceptabilityJudgment,55,0,24,,,,0
1645957988,AcceptabilityJudgment,55,0,24,1,NULL,9974,0
1645957988,AcceptabilityJudgment,43,0,18,,,,1
1645957988,AcceptabilityJudgment,43,0,18,6,NULL,7079,1
1645957988,AcceptabilityJudgment,47,0,20,,,,0
1645957988,AcceptabilityJudgment,47,0,20,5,NULL,8369,0
1645965458,AcceptabilityJudgment,46,0,20,,,,0
1645965458,AcceptabilityJudgment,46,0,20,1,NULL,11731,0
1645965458,AcceptabilityJudgment,42,0,18,,,,1
1645965458,AcceptabilityJudgment,42,0,18,6,NULL,10533,1
1645965458,AcceptabilityJudgment,53,0,23,,,,0
1645965458,AcceptabilityJudgment,53,0,23,7,NULL,8901,0
1645965458,AcceptabilityJudgment,37,0,15,,,,1
1645965458,AcceptabilityJudgment,37,0,15,7,NULL,5670,1
1645965458,AcceptabilityJudgment,45,0,19,,,,0
1645965458,AcceptabilityJudgment,45,0,19,1,NULL,6987,0
1645965458,AcceptabilityJudgment,41,0,17,,,,1
1645965458,AcceptabilityJudgment,41,0,17,7,NULL,6333,1
1645965458,AcceptabilityJudgment,49,0,21,,,,0
1645965458,AcceptabilityJudgment,49,0,21,7,NULL,6904,0
1645965458,AcceptabilityJudgment,38,0,16,,,,1
1645965458,AcceptabilityJudgment,38,0,16,7,NULL,6658,1
1645965458,AcceptabilityJudgment,54,0,24,,,,0
1645965458,AcceptabilityJudgment,54,0,24,7,NULL,9376,0
1645965458,AcceptabilityJudgment,34,0,14,,,,1
1645965458,AcceptabilityJudgment,34,0,14,7,NULL,8879,1
1645965458,AcceptabilityJudgment,50,0,22,,,,0
1645965458,AcceptabilityJudgment,50,0,22,1,NULL,9783,0
1645965458,AcceptabilityJudgment,33,0,13,,,,1
1645965458,AcceptabilityJudgment,33,0,13,1,NULL,13726,1
1645991873,AcceptabilityJudgment,36,0,15,,,,1
1645991873,AcceptabilityJudgment,36,0,15,7,NULL,10371,1
1645991873,AcceptabilityJudgment,44,0,19,,,,0
1645991873,AcceptabilityJudgment,44,0,19,1,NULL,4285,0
1645991873,AcceptabilityJudgment,39,0,16,,,,1
1645991873,AcceptabilityJudgment,39,0,16,6,NULL,10433,1
1645991873,AcceptabilityJudgment,52,0,23,,,,0
1645991873,AcceptabilityJudgment,52,0,23,1,NULL,5586,0
1645991873,AcceptabilityJudgment,43,0,18,,,,1
1645991873,AcceptabilityJudgment,43,0,18,7,NULL,11048,1
1645991873,AcceptabilityJudgment,55,0,24,,,,0
1645991873,AcceptabilityJudgment,55,0,24,1,NULL,8431,0
1645991873,AcceptabilityJudgment,40,0,17,,,,1
1645991873,AcceptabilityJudgment,40,0,17,7,NULL,7700,1
1645991873,AcceptabilityJudgment,47,0,20,,,,0
1645991873,AcceptabilityJudgment,47,0,20,1,NULL,4063,0
1645991873,AcceptabilityJudgment,35,0,14,,,,1
1645991873,AcceptabilityJudgment,35,0,14,7,NULL,5024,1
1645991873,AcceptabilityJudgment,51,0,22,,,,0
1645991873,AcceptabilityJudgment,51,0,22,1,NULL,5873,0
1645991873,AcceptabilityJudgment,32,0,13,,,,1
1645991873,AcceptabilityJudgment,32,0,13,7,NULL,3499,1
1645991873,AcceptabilityJudgment,48,0,21,,,,0
1645991873,AcceptabilityJudgment,48,0,21,1,NULL,3046,0
1646055478,AcceptabilityJudgment,41,0,17,,,,1
1646055478,AcceptabilityJudgment,41,0,17,7,NULL,8947,1
1646055478,AcceptabilityJudgment,45,0,19,,,,0
1646055478,AcceptabilityJudgment,45,0,19,1,NULL,4588,0
1646055478,AcceptabilityJudgment,33,0,13,,,,1
1646055478,AcceptabilityJudgment,33,0,13,2,NULL,16708,1
1646055478,AcceptabilityJudgment,46,0,20,,,,0
1646055478,AcceptabilityJudgment,46,0,20,1,NULL,8366,0
1646055478,AcceptabilityJudgment,34,0,14,,,,1
1646055478,AcceptabilityJudgment,34,0,14,1,NULL,26516,1
1646055478,AcceptabilityJudgment,53,0,23,,,,0
1646055478,AcceptabilityJudgment,53,0,23,1,NULL,5568,0
1646055478,AcceptabilityJudgment,42,0,18,,,,1
1646055478,AcceptabilityJudgment,42,0,18,7,NULL,14671,1
1646055478,AcceptabilityJudgment,49,0,21,,,,0
1646055478,AcceptabilityJudgment,49,0,21,1,NULL,3709,0
1646055478,AcceptabilityJudgment,38,0,16,,,,1
1646055478,AcceptabilityJudgment,38,0,16,7,NULL,7332,1
1646055478,AcceptabilityJudgment,54,0,24,,,,0
1646055478,AcceptabilityJudgment,54,0,24,1,NULL,5586,0
1646055478,AcceptabilityJudgment,37,0,15,,,,1
1646055478,AcceptabilityJudgment,37,0,15,1,NULL,6311,1
1646055478,AcceptabilityJudgment,50,0,22,,,,0
1646055478,AcceptabilityJudgment,50,0,22,1,NULL,3992,0
1646090194,AcceptabilityJudgment,48,0,21,,,,0
1646090194,AcceptabilityJudgment,48,0,21,1,NULL,10576,0
1646090194,AcceptabilityJudgment,39,0,16,,,,1
1646090194,AcceptabilityJudgment,39,0,16,4,NULL,12773,1
1646090194,AcceptabilityJudgment,52,0,23,,,,0
1646090194,AcceptabilityJudgment,52,0,23,1,NULL,10511,0
1646090194,AcceptabilityJudgment,32,0,13,,,,1
1646090194,AcceptabilityJudgment,32,0,13,7,NULL,8714,1
1646090194,AcceptabilityJudgment,47,0,20,,,,0
1646090194,AcceptabilityJudgment,47,0,20,2,NULL,10240,0
1646090194,AcceptabilityJudgment,40,0,17,,,,1
1646090194,AcceptabilityJudgment,40,0,17,5,NULL,14292,1
1646090194,AcceptabilityJudgment,51,0,22,,,,0
1646090194,AcceptabilityJudgment,51,0,22,1,NULL,8612,0
1646090194,AcceptabilityJudgment,43,0,18,,,,1
1646090194,AcceptabilityJudgment,43,0,18,6,NULL,36892,1
1646090194,AcceptabilityJudgment,55,0,24,,,,0
1646090194,AcceptabilityJudgment,55,0,24,2,NULL,10893,0
1646090194,AcceptabilityJudgment,36,0,15,,,,1
1646090194,AcceptabilityJudgment,36,0,15,7,NULL,10479,1
1646090194,AcceptabilityJudgment,44,0,19,,,,0
1646090194,AcceptabilityJudgment,44,0,19,4,NULL,4792,0
1646090194,AcceptabilityJudgment,35,0,14,,,,1
1646090194,AcceptabilityJudgment,35,0,14,5,NULL,33578,1
1646110405,AcceptabilityJudgment,45,0,19,,,,0
1646110405,AcceptabilityJudgment,45,0,19,1,NULL,8758,0
1646110405,AcceptabilityJudgment,38,0,16,,,,1
1646110405,AcceptabilityJudgment,38,0,16,6,NULL,7270,1
1646110405,AcceptabilityJudgment,49,0,21,,,,0
1646110405,AcceptabilityJudgment,49,0,21,1,NULL,22502,0
1646110405,AcceptabilityJudgment,34,0,14,,,,1
1646110405,AcceptabilityJudgment,34,0,14,6,NULL,27115,1
1646110405,AcceptabilityJudgment,50,0,22,,,,0
1646110405,AcceptabilityJudgment,50,0,22,1,NULL,5667,0
1646110405,AcceptabilityJudgment,41,0,17,,,,1
1646110405,AcceptabilityJudgment,41,0,17,6,NULL,12318,1
1646110405,AcceptabilityJudgment,54,0,24,,,,0
1646110405,AcceptabilityJudgment,54,0,24,1,NULL,19597,0
1646110405,AcceptabilityJudgment,42,0,18,,,,1
1646110405,AcceptabilityJudgment,42,0,18,2,NULL,15568,1
1646110405,AcceptabilityJudgment,46,0,20,,,,0
1646110405,AcceptabilityJudgment,46,0,20,1,NULL,5241,0
1646110405,AcceptabilityJudgment,37,0,15,,,,1
1646110405,AcceptabilityJudgment,37,0,15,4,NULL,9861,1
1646110405,AcceptabilityJudgment,53,0,23,,,,0
1646110405,AcceptabilityJudgment,53,0,23,2,NULL,18394,0
1646110405,AcceptabilityJudgment,33,0,13,,,,1
1646110405,AcceptabilityJudgment,33,0,13,5,NULL,51797,1
1646122154,AcceptabilityJudgment,51,0,22,,,,0
1646122154,AcceptabilityJudgment,51,0,22,1,NULL,27730,0
1646122154,AcceptabilityJudgment,35,0,14,,,,1
1646122154,AcceptabilityJudgment,35,0,14,3,NULL,131813,1
1646122154,AcceptabilityJudgment,44,0,19,,,,0
1646122154,AcceptabilityJudgment,44,0,19,3,NULL,9505,0
1646122154,AcceptabilityJudgment,36,0,15,,,,1
1646122154,AcceptabilityJudgment,36,0,15,7,NULL,10246,1
1646122154,AcceptabilityJudgment,48,0,21,,,,0
1646122154,AcceptabilityJudgment,48,0,21,1,NULL,4961,0
1646122154,AcceptabilityJudgment,32,0,13,,,,1
1646122154,AcceptabilityJudgment,32,0,13,7,NULL,9029,1
1646122154,AcceptabilityJudgment,52,0,23,,,,0
1646122154,AcceptabilityJudgment,52,0,23,1,NULL,9349,0
1646122154,AcceptabilityJudgment,39,0,16,,,,1
1646122154,AcceptabilityJudgment,39,0,16,6,NULL,7265,1
1646122154,AcceptabilityJudgment,55,0,24,,,,0
1646122154,AcceptabilityJudgment,55,0,24,1,NULL,7231,0
1646122154,AcceptabilityJudgment,40,0,17,,,,1
1646122154,AcceptabilityJudgment,40,0,17,7,NULL,10343,1
1646122154,AcceptabilityJudgment,47,0,20,,,,0
1646122154,AcceptabilityJudgment,47,0,20,1,NULL,6821,0
1646122154,AcceptabilityJudgment,43,0,18,,,,1
1646122154,AcceptabilityJudgment,43,0,18,7,NULL,5440,1
